,np_id,species_list,org_id,pref_name,molecule_chembl_id,pubchem_cid,smiles
0,NPC100079,Artabotrys maingayi; Chelidonium majus; Talipariti tiliaceum; Macleaya cordata; Nicotiana plumbaginifolia; Garcinia xanthochymus; Senna spectabilis; Morinda coreia; Diospyros ebenum; Conium maculatum; Solanum spirale; Argemone mexicana; Hortonia floribunda; Zanthoxylum bungeanum; Broussonetia papyrifera; Zanthoxylum nitidum,NPO13313,Chelerythrine,CHEMBL13045,2703,COc1ccc2c(c[n+](C)c3c4cc5c(cc4ccc23)OCO5)c1OC
1,NPC110969,Cullen corylifolium,NPO30150,Bavachinin,CHEMBL458053,44584224,COc1cc2oc(-c3ccc(O)cc3)cc(=O)c2cc1CC=C(C)C
2,NPC116775,Myrsine capitellata; Equisetum hyemale; Afrocarpus falcatus; Tropaeolum majus; Ixeris chinensis; Centaurea solstitialis; Peganum harmala; Capparis spinosa; Allium tuberosum; Moringa oleifera; Brassica rapa; Alangium longiflorum; Centella asiatica; Impatiens balsamina; Rivina humilis; Nephelium lappaceum; Alstonia muelleriana; Garcinia macrophylla; Corchorus olitorius; Chenopodium quinoa; Phalaris canariensis; Nasturtium officinale; Carum carvi; Diospyros eriantha; Cyrtomium falcatum; Persicaria glabra; Payena lucida; Pteridium aquilinum; Salvia hispanica; Cucumis melo; Caulerpa serrulata; Aristolochia zollingeriana; Rhododendron mucronatum; Houttuynia cordata; Gouania microcarpa; Prunus persica; Lonicera japonica; Glochidion sphaerogynum; Lepidium sativum; Mitragyna speciosa; Hunteria zeylanica; Scolopia chinensis; Rhodiola rosea; Daucus carota; Pyrrosia lingua; Alphitonia macrocarpa; Capsicum annuum; Glinus lotoides; Vitis vinifera; Agrimonia pilosa; Rosa chinensis; Carthamus tinctorius; Atalantia racemosa; Canella winterana; Salacia elliptica; Croton cascarilloides; Melia azedarach; Erythrospermum zeylanicum; Thymus vulgaris; Zingiber officinale; Psychotria serpens; Ipomoea aquatica; Pseudognaphalium affine; Phyllanthus urinaria; Vigna unguiculata; Dichotomaria marginata; Punica granatum; Anethum graveolens; Tarenaya spinosa; Solanum nigrum; Allium ampeloprasum; Allium schoenoprasum; Chrysanthemum indicum; Colocasia esculenta; Bombax ceiba; Indigofera spicata; Kaempferia galanga; Urtica dioica; Allium cepa; Vicia faba; Clausena lansium; Solanum aculeatissimum; Rosulabryum capillare; Eugenia uniflora; Osmanthus heterophyllus; Diplopterygium glaucum; Targionia hypophylla; Cibotium barometz; Magnolia sprengeri; Cucurbita moschata; Beta vulgaris; Smilax china; Albertisia papuana; Senna siamea; Persicaria orientalis; Tephrosia pumila; Diphasiastrum thyoides; Ophiorrhiza blumeana; Walsura tubulata; Tephrosia vogelii; Annona muricata; Isodon japonicus; Euphorbia hirta; Frullania tamarisci; Macadamia ternifolia; Apium graveolens; Vigna radiata; Murraya paniculata; Carica papaya; Citrus maxima; Crinum latifolium; Morus alba; Foeniculum vulgare; Ipomoea batatas; Oroxylum indicum; Cuscuta australis; Radermachera xylocarpa; Eragrostis viscosa; Nauclea officinalis; Brassica juncea; Persicaria hydropiper; Euonymus alatus; Crescentia cujete; Sarcandra glabra; Mangifera indica; Pogostemon cablin; Urena lobata; Samadera indica; Spinulum annotinum; Solanum lycopersicum; Citrus limon; Desmodium styracifolium; Zingiber spectabile; Pteris dactylina; Nelumbo nucifera; Sinningia cardinalis; Syzygium aromaticum; Dicranopteris linearis; Morinda citrifolia; Solanum tuberosum; Erigeron annuus; Fagraea gracilipes; Croton nitens; Portulaca oleracea; Syzygium nervosum; Phaseolus vulgaris; Dipteryx odorata; Phegopteris connectilis; Glycine tomentella; Myristica fragrans; Bauhinia purpurea; Bauhinia glauca; Etlingera elatior; Petroselinum crispum; Limnocharis flava; Cocos nucifera; Jasminum multiflorum; Amaranthus hypochondriacus; Ixora coccinea; Canarium strictum; Allium sativum; Helicteres angustifolia; Brassica napus; Citrus aurantium; Eucalyptus resinifera; Cucumis sativus; Raphanus sativus; Brassica oleracea; Glycine max; Solanum melongena; Debregeasia orientalis; Sinapis alba; Asparagus officinalis; Artocarpus altilis; Camellia sinensis; Porophyllum ruderale; Artemisia lactiflora; Kaempferia rotunda; Pteris semipinnata; Citrullus lanatus; Catunaregam spinosa; Pyrostegia venusta; Typha angustifolia; Indigofera linnaei,NPO2838,Kaempferol,CHEMBL150,5280863,O=c1c(O)c(-c2ccc(O)cc2)oc2cc(O)cc(O)c12
3,NPC117572,Hydnocarpus annamensis; Phoenix paludosa; Plantago major; Arachis hypogaea; Citrus reticulata; Sorghum bicolor; Syzygium aromaticum; Solanum tuberosum; Helianthus annuus; Portulaca oleracea; Brassica oleracea; Glycine max,NPO12323,Icosapent,CHEMBL460026,446284,CC/C=C\C/C=C\C/C=C\C/C=C\C/C=C\CCCC(=O)O
4,NPC125062,Callicarpa japonica; Avrainvillea longicaulis; Brassica rapa; Dodonaea viscosa; Aristolochia zollingeriana; Lepidium sativum; Zea mays; Bryum argenteum; Daucus carota; Capsicum annuum; Entada phaseoloides; Jackiella javanica; Pangium edule; Anethum graveolens; Magnolia montana; Exallage auricularia; Allium schoenoprasum; Chrysanthemum indicum; Colocasia esculenta; Sterculia foetida; Allium cepa; Diplopterygium glaucum; Targionia hypophylla; Senna siamea; Diphasiastrum thyoides; Annona muricata; Euphorbia hirta; Gmelina asiatica; Virola surinamensis; Vigna mungo; Morus alba; Foeniculum vulgare; Phyllanthus emblica; Cuscuta australis; Solanum lycopersicum; Desmodium styracifolium; Nelumbo nucifera; Portulaca oleracea; Phaseolus vulgaris; Oenanthe javanica; Myristica fragrans; Bauhinia glauca; Petroselinum crispum; Limnocharis flava; Amaranthus hypochondriacus; Allium sativum; Helicteres angustifolia; Eucalyptus resinifera; Cucumis sativus; Brassica oleracea; Solanum melongena; Sinapis alba; Typha angustifolia,NPO4640,Isorhamnetin,CHEMBL379064,5281654,COc1cc(-c2oc3cc(O)cc(O)c3c(=O)c2O)ccc1O
5,NPC149184,Eria linearifolia; Allium tuberosum; Moringa oleifera; Nephelium lappaceum; Castanea mollissima; Garcinia macrophylla; Solanum dulcamara; Salvia hispanica; Elaeis guineensis; Gouania microcarpa; Gossypium barbadense; Morus cathayana; Chromolaena odorata; Xylopia aethiopica; Mirabilis jalapa; Capsicum annuum; Vitis vinifera; Aegiceras corniculatum; Lycium chinense; Sonneratia alba; Curcuma phaeocaulis; Carthamus tinctorius; Melia azedarach; Punica granatum; Kaempferia pulchra; Drosera peltata; Jatropha curcas; Rosulabryum capillare; Curcuma longa; Dipterocarpus alatus; Codium dwarkense; Diplazium esculentum; Linum usitatissimum; Cucurbita moschata; Ocimum gratissimum; Glochidion philippicum; Ceriops decandra; Citrus reticulata; Bursaria spinosa; Archidendron ellipticum; Tabernaemontana divaricata; Ophiorrhiza blumeana; Macadamia ternifolia; Terminalia chebula; Petteria ramentacea; Citrus maxima; Ulva prolifera; Sesbania punicea; Eragrostis viscosa; Nauclea officinalis; Mangifera indica; Desmodium styracifolium; Nelumbo nucifera; Medinilla magnifica; Laggera alata; Bruguiera gymnorhiza; Helianthus annuus; Syzygium nervosum; Ziziphus jujuba; Securidaca inappendiculata; Mesua ferrea; Canarium strictum; Cannabis sativa; Raphanus sativus; Glycine max; Elettaria cardamomum; Curcuma zedoaria,NPO26650,Elcosanoic Acid,CHEMBL1173381,10467,CCCCCCCCCCCCCCCCCCCC(=O)O
6,NPC150928,Cannabis sativa,NPO7513,Delta9-Tetrahydrocannabinolic Acid A,CHEMBL465718,98523,CCCCCc1cc2c(c(O)c1C(=O)O)[C@@H]1C=C(C)CC[C@H]1C(C)(C)O2
7,NPC154245,Nerium oleander,NPO4573,Dihomo-Gamma-Linolenic Acid,CHEMBL465183,5280581,CCCCC/C=C\C/C=C\C/C=C\CCCCCCC(=O)O
8,NPC162071,Barleria prionitis; Alpinia javanica; Crypteronia paniculata,NPO18159,Tirotundin,CHEMBL464453,9975297,C=C1C(=O)O[C@@H]2C[C@H](C)[C@@]3(O)CC[C@@](C)(C[C@@H](OC(=O)C(C)C)[C@@H]12)O3
9,NPC169591,Cullen corylifolium,NPO28809,Bavachinin A,CHEMBL1551302,10337211,COc1cc2c(cc1CC=C(C)C)C(=O)C[C@@H](c1ccc(O)cc1)O2
10,NPC171736,Eria linearifolia; Allium tuberosum; Moringa oleifera; Castanea mollissima; Solanum dulcamara; Salvia hispanica; Gossypium barbadense; Morus cathayana; Vitex rotundifolia; Capsicum annuum; Codiaeum variegatum; Vitis vinifera; Avrainvillea nigricans; Curcuma phaeocaulis; Rhododendron ferrugineum; Carthamus tinctorius; Samanea saman; Lantana camara; Melia azedarach; Senecio scandens; Vallaris solanacea; Madhuca longifolia; Vitex trifolia; Jagera pseudorhus; Jasminum grandiflorum; Viscum coloratum; Myristica gigantea; Curcuma longa; Linum usitatissimum; Taraxacum officinale; Taraxacum mongolicum; Petteria ramentacea; Hibiscus syriacus; Nelumbo nucifera; Medinilla magnifica; Laggera alata; Ziziphus jujuba; Planchonella anteridifera; Mesua ferrea; Rhizophora mucronata; Cannabis sativa; Raphanus sativus; Glycine max; Curcuma zedoaria,NPO2618,Behenic Acid,CHEMBL1173474,8215,CCCCCCCCCCCCCCCCCCCCCC(=O)O
11,NPC176775,Mentha canadensis; Chromolaena odorata; Kaempferia pulchra; Drosera peltata; Polygala glomerata; Mentha arvensis; Dipterocarpus alatus; Citrus reticulata; Bursaria spinosa; Sesbania punicea; Securidaca inappendiculata; Bauhinia racemosa,NPO25144,Gardenin B,CHEMBL226512,96539,COc1ccc(-c2cc(=O)c3c(O)c(OC)c(OC)c(OC)c3o2)cc1
12,NPC201844,Brassica rapa; Centella asiatica; Carum carvi; Salvia hispanica; Cucumis melo; Elaeis guineensis; Houttuynia cordata; Vitex negundo; Lonicera japonica; Theobroma cacao; Citrus medica; Zea mays; Daucus carota; Xylopia aethiopica; Mirabilis jalapa; Capsicum annuum; Avena sativa; Vitis vinifera; Aegiceras corniculatum; Panicum miliaceum; Phytolacca americana; Artocarpus heterophyllus; Sonneratia alba; Agrimonia pilosa; Carthamus tinctorius; Phaseolus lunatus; Thymus vulgaris; Zingiber officinale; Vigna unguiculata; Punica granatum; Anethum graveolens; Manihot esculenta; Hordeum vulgare; Ficus carica; Vicia faba; Imperata cylindrica; Curcuma longa; Lupinus albus; Linum usitatissimum; Arachis hypogaea; Citrus reticulata; Lablab purpureus; Fagopyrum esculentum; Sorghum bicolor; Apium graveolens; Carica papaya; Virola surinamensis; Ulva prolifera; Piper nigrum; Brassica juncea; Mangifera indica; Croton tiglium; Citrus limon; Cucurbita pepo; Syzygium aromaticum; Attalea speciosa; Solanum tuberosum; Bruguiera gymnorhiza; Phaseolus vulgaris; Myristica fragrans; Musa acuminata; Ziziphus jujuba; Cocos nucifera; Brassica napus; Cucumis sativus; Brassica oleracea; Glycine max; Elettaria cardamomum; Sinapis alba; Asparagus officinalis; Cinnamomum aromaticum; Oryza sativa; Anacardium occidentale; Citrullus lanatus,NPO16509,Dodecanoate,CHEMBL108766,3893,CCCCCCCCCCCC(=O)O
13,NPC206614,Barleria prionitis; Alpinia javanica; Crypteronia paniculata; Tithonia diversifolia,NPO9841,Tagitinin A,CHEMBL518700,181254,C=C1C(=O)O[C@@H]2C[C@H](C)[C@@]3(O)C[C@H](O)[C@@](C)(C[C@@H](OC(=O)C(C)C)[C@@H]12)O3
14,NPC20791,Myrsine capitellata; Abutilon theophrasti; Afrocarpus falcatus; Allium ascalonicum; Ipomoea digitata; Ixeris chinensis; Centaurea solstitialis; Flacourtia jangomas; Peganum harmala; Capparis spinosa; Allium tuberosum; Moringa oleifera; Callicarpa japonica; Avrainvillea longicaulis; Brassica rapa; Centella asiatica; Impatiens balsamina; Rivina humilis; Glycosmis macrophylla; Stephania zippeliana; Garcinia macrophylla; Corchorus olitorius; Trachelospermum jasminoides; Chenopodium quinoa; Smilax menispermoidea; Pinus massoniana; Dodonaea viscosa; Phalaris canariensis; Nasturtium officinale; Diospyros eriantha; Artemisia rupestris; Eucalyptus alba; Citrus aurantiifolia; Cyrtomium falcatum; Persicaria glabra; Payena lucida; Sorbus aucuparia; Sindora wallichii; Pteridium aquilinum; Salvia hispanica; Goniothalamus malayanus; Syzygium polycephaloides; Cucumis melo; Pyrola japonica; Cladogynos orientalis; Caulerpa serrulata; Aristolochia zollingeriana; Planchonia grandis; Rhododendron mucronatum; Houttuynia cordata; Gouania microcarpa; Vitex negundo; Lobelia chinensis; Trachelospermum asiaticum; Alangium vitiense; Prunus persica; Rumex obtusifolius; Lonicera japonica; Glochidion sphaerogynum; Theobroma cacao; Chamaemelum nobile; Luffa aegyptiaca; Ananas comosus; Mitragyna speciosa; Dumortiera hirsuta; Bryum argenteum; Rhodiola rosea; Daucus carota; Pyrrosia lingua; Alphitonia macrocarpa; Capsicum annuum; Avena sativa; Glinus lotoides; Entada phaseoloides; Vitis vinifera; Eragrostis curvula; Parthenocissus quinquefolia; Mimosa diplotricha; Jackiella javanica; Agrimonia pilosa; Abelmoschus esculentus; Rosa chinensis; Breonia chinensis; Diospyros kaki; Carthamus tinctorius; Medicago sativa; Atalantia racemosa; Canella winterana; Salacia elliptica; Pteris fauriei; Samanea saman; Pangium edule; Croton cascarilloides; Pteridium esculentum; Melia azedarach; Erythrospermum zeylanicum; Thymus vulgaris; Morus nigra; Taxillus chinensis; Hypolepis punctata; Zingiber officinale; Psychotria serpens; Gleditsia sinensis; Phytolacca acinosa; Ipomoea aquatica; Phyllanthus urinaria; Cardiospermum halicacabum; Embelia parviflora; Vigna unguiculata; Dichotomaria marginata; Aglaia elaeagnoidea; Punica granatum; Anethum graveolens; Abelia chinensis; Magnolia montana; Citrus trifoliata; Tarenaya spinosa; Alyxia reinwardtii; Hypericum japonicum; Solanum nigrum; Allium ampeloprasum; Allium schoenoprasum; Chrysanthemum indicum; Colocasia esculenta; Eurya japonica; Bombax ceiba; Sterculia foetida; Cuphea carthagenensis; Urtica dioica; Allium cepa; Camellia japonica; Coriandrum sativum; Vicia faba; Clausena lansium; Lactuca indica; Rosulabryum capillare; Curcuma longa; Eugenia uniflora; Diplopterygium glaucum; Toxicodendron succedaneum; Targionia hypophylla; Magnolia sprengeri; Cucurbita moschata; Citrus reticulata; Beta vulgaris; Smilax china; Albertisia papuana; Hyptis brevipes; Senna siamea; Persicaria orientalis; Diphasiastrum thyoides; Ophiorrhiza blumeana; Annona muricata; Isodon japonicus; Euphorbia hirta; Fagopyrum esculentum; Frullania tamarisci; Gmelina asiatica; Macadamia ternifolia; Taraxacum officinale; Apium graveolens; Taraxacum mongolicum; Vigna radiata; Premna tomentosa; Sagittaria sagittifolia; Lygodium flexuosum; Entada rheedei; Murraya paniculata; Gracilaria textorii; Utricularia australis; Citrus maxima; Syringodium isoetifolium; Crinum latifolium; Podocarpus macrophyllus; Myosotis sylvatica; Vigna mungo; Aristolochia labiata; Scaevola taccada; Gouania leptostachya; Abelmoschus manihot; Platycladus orientalis; Morus alba; Jania rubens; Filicium decipiens; Phyllanthus emblica; Ipomoea batatas; Oroxylum indicum; Tetragonia tetragonioides; Cuscuta australis; Prunus mume; Radermachera xylocarpa; Alangium kurzii; Saccharum spontaneum; Eragrostis viscosa; Nauclea officinalis; Hedychium villosum; Brassica juncea; Euonymus alatus; Crescentia cujete; Aglaia elliptica; Sarcandra glabra; Macaranga peltata; Mangifera indica; Lupinus paniculatus; Boehmeria nivea; Pogostemon cablin; Urena lobata; Vigna angularis; Samadera indica; Spinulum annotinum; Chrysanthemum morifolium; Solanum lycopersicum; Citrus limon; Coffea canephora; Desmodium styracifolium; Psidium guajava; Pteris dactylina; Nelumbo nucifera; Vigna umbellata; Ardisia japonica; Chaenomeles speciosa; Allium victorialis; Cucurbita pepo; Syzygium aromaticum; Foeniculum vulgare; Dicranopteris linearis; Allium neapolitanum; Morinda citrifolia; Solanum tuberosum; Erigeron annuus; Fagraea gracilipes; Helianthus annuus; Lonicera confusa; Portulaca oleracea; Syzygium nervosum; Phaseolus vulgaris; Sesbania bispinosa; Cycas revoluta; Dipteryx odorata; Oenanthe javanica; Lawsonia inermis; Myristica fragrans; Zanthoxylum bungeanum; Broussonetia papyrifera; Bauhinia purpurea; Rumex nepalensis; Bauhinia glauca; Litsea glutinosa; Etlingera elatior; Petroselinum crispum; Ziziphus jujuba; Limnocharis flava; Amaranthus hypochondriacus; Persicaria perfoliata; Typha domingensis; Canarium strictum; Allium sativum; Helicteres angustifolia; Brassica napus; Corchorus trilocularis; Citrus aurantium; Eucalyptus resinifera; Cucumis sativus; Raphanus sativus; Premna odorata; Brassica oleracea; Glycine max; Solanum melongena; Debregeasia orientalis; Vatica albiramis; Sinapis alba; Asparagus officinalis; Fritillaria meleagris; Artocarpus altilis; Momordica charantia; Camellia sinensis; Porophyllum ruderale; Triticum aestivum; Artemisia lactiflora; Koompassia malaccensis; Epipactis palustris; Centipeda minima; Pteris semipinnata; Mimosa rubicaulis; Sorbaria sorbifolia; Pyrostegia venusta; Uncaria gambir; Rauvolfia vomitoria; Gnetum latifolium; Gardenia jasminoides; Sonneratia caseolaris; Coffea arabica; Typha angustifolia; Indigofera linnaei,NPO16145,Quercetin,CHEMBL50,5280343,O=c1c(O)c(-c2ccc(O)c(O)c2)oc2cc(O)cc(O)c12
15,NPC209970,Eria linearifolia; Cinnamomum subavenium; Allium tuberosum; Asplenium normale; Centella asiatica; Castanea mollissima; Garcinia macrophylla; Trifolium alexandrinum; Salvia hispanica; Solanum jamaicense; Elaeis guineensis; Houttuynia cordata; Gouania microcarpa; Vitex negundo; Lobelia chinensis; Gossypium barbadense; Ceratophyllum submersum; Morus cathayana; Brucea javanica; Chromolaena odorata; Vitex rotundifolia; Xylopia aethiopica; Mirabilis jalapa; Capsicum annuum; Glinus lotoides; Codiaeum variegatum; Vitis vinifera; Aegiceras corniculatum; Benincasa hispida; Avrainvillea nigricans; Lycium chinense; Sonneratia alba; Agrimonia pilosa; Curcuma phaeocaulis; Rhododendron ferrugineum; Carthamus tinctorius; Samanea saman; Lantana camara; Melia azedarach; Senecio scandens; Vallaris solanacea; Eclipta prostrata; Zingiber officinale; Madhuca longifolia; Plantago major; Punica granatum; Vitex trifolia; Polygala sibirica; Jagera pseudorhus; Kaempferia pulchra; Drosera peltata; Jasminum grandiflorum; Viscum coloratum; Polygala glomerata; Imperata cylindrica; Myristica gigantea; Rosulabryum capillare; Meliosma simplicifolia; Curcuma longa; Dipterocarpus alatus; Codium dwarkense; Diplazium esculentum; Xanthium strumarium; Linum usitatissimum; Cucurbita moschata; Ocimum gratissimum; Glochidion philippicum; Arachis hypogaea; Ceriops decandra; Citrus reticulata; Bursaria spinosa; Archidendron ellipticum; Tabernaemontana divaricata; Ophiorrhiza blumeana; Macadamia ternifolia; Taraxacum officinale; Terminalia chebula; Taraxacum mongolicum; Citrus maxima; Ulva prolifera; Sesbania punicea; Eragrostis viscosa; Nauclea officinalis; Piper nigrum; Mangifera indica; Pogostemon cablin; Croton tiglium; Desmodium styracifolium; Plantago asiatica; Nelumbo nucifera; Eucalyptus cladocalyx; Syzygium aromaticum; Bruguiera gymnorhiza; Helianthus annuus; Syzygium nervosum; Adiantum caudatum; Myristica fragrans; Castanea crenata; Ziziphus jujuba; Cocos nucifera; Salvadora persica; Securidaca inappendiculata; Canarium strictum; Rhizophora mucronata; Cannabis sativa; Raphanus sativus; Glycine max; Elettaria cardamomum; Curcuma zedoaria; Cinnamomum aromaticum; Perilla frutescens; Plantago depressa,NPO3808,Stearic Acid,CHEMBL46403,5281,CCCCCCCCCCCCCCCCCC(=O)O
16,NPC213603,Pterocarpus indicus,NPO7255,Angolensin,CHEMBL1373918,3584988,COc1ccc(C(C)C(=O)c2ccc(O)cc2O)cc1
17,NPC216630,Nerium oleander; Eria linearifolia; Cinnamomum subavenium; Allium tuberosum; Centella asiatica; Alstonia muelleriana; Magnolia obovata; Castanea mollissima; Ipomoea purpurea; Chenopodium quinoa; Diospyros elliptifolia; Sauromatum giganteum; Torilis japonica; Rennellia elliptica; Salvia hispanica; Pyrola japonica; Mentha canadensis; Leucaena leucocephala; Elaeis guineensis; Houttuynia cordata; Aquilaria sinensis; Vitex negundo; Lobelia chinensis; Monodora angolensis; Gossypium barbadense; Morus cathayana; Brucea javanica; Achyranthes bidentata; Chromolaena odorata; Lonicera japonica; Vitex rotundifolia; Xylopia aethiopica; Mirabilis jalapa; Capsicum annuum; Diospyros maritima; Codiaeum variegatum; Vitis vinifera; Aegiceras corniculatum; Benincasa hispida; Lycium chinense; Sonneratia alba; Agrimonia pilosa; Curcuma phaeocaulis; Diospyros kaki; Carthamus tinctorius; Samanea saman; Lantana camara; Melia azedarach; Thymus vulgaris; Lygodium japonicum; Senecio scandens; Gmelina arborea; Eclipta prostrata; Zingiber officinale; Hydnocarpus annamensis; Madhuca longifolia; Phoenix paludosa; Plantago major; Punica granatum; Vitex trifolia; Polygala sibirica; Jagera pseudorhus; Kaempferia pulchra; Chrysanthemum indicum; Drosera peltata; Cyperus rotundus; Viscum coloratum; Sigesbeckia orientalis; Polygala glomerata; Mentha arvensis; Dendrobium fimbriatum; Imperata cylindrica; Myristica gigantea; Meliosma simplicifolia; Curcuma longa; Dipterocarpus alatus; Targionia hypophylla; Cibotium barometz; Dioscorea polystachya; Xanthium strumarium; Linum usitatissimum; Arachis hypogaea; Citrus reticulata; Bursaria spinosa; Smilax china; Taraxacum officinale; Terminalia chebula; Taraxacum mongolicum; Citrus maxima; Crinum latifolium; Morus alba; Foeniculum vulgare; Ulva prolifera; Phyllanthus emblica; Sesbania punicea; Prunus mume; Eragrostis viscosa; Nauclea officinalis; Piper nigrum; Mangifera indica; Pogostemon cablin; Croton tiglium; Plantago asiatica; Nelumbo nucifera; Andrographis paniculata; Bruguiera gymnorhiza; Helianthus annuus; Lonicera confusa; Portulaca oleracea; Adiantum caudatum; Glycine tomentella; Myristica fragrans; Zanthoxylum bungeanum; Bauhinia purpurea; Litsea glutinosa; Ziziphus jujuba; Cocos nucifera; Cymbidium aloifolium; Securidaca inappendiculata; Rhizophora mucronata; Cannabis sativa; Raphanus sativus; Glycine max; Elettaria cardamomum; Curcuma zedoaria; Cinnamomum aromaticum; Oryza sativa; Triticum aestivum; Perilla frutescens; Centipeda minima; Plantago depressa; Gardenia jasminoides; Phyllodium pulchellum; Zanthoxylum nitidum; Mikania scandens,NPO24706,Palmitic Acid,CHEMBL82293,985,CCCCCCCCCCCCCCCC(=O)O
18,NPC231018,Prunus cerasoides; Mentha canadensis; Phytolacca americana; Ocimum basilicum; Mentha arvensis; Mentha piperita,NPO33595,Xanthomicrol,CHEMBL476121,73207,COc1c(OC)c(O)c2c(=O)cc(-c3ccc(O)cc3)oc2c1OC
19,NPC261831,Passiflora edulis; Capparis spinosa; Allium tuberosum; Moringa oleifera; Asplenium normale; Centella asiatica; Trifolium hybridum; Trifolium alexandrinum; Corchorus olitorius; Satureja hortensis; Chenopodium quinoa; Corylus avellana; Dioscorea pentaphylla; Citrus aurantiifolia; Salvia hispanica; Cucumis melo; Cissampelos pareira; Solanum jamaicense; Elaeis guineensis; Aquilaria sinensis; Vitex negundo; Monodora angolensis; Gossypium barbadense; Ceratophyllum submersum; Brucea javanica; Prunus persica; Chromolaena odorata; Theobroma cacao; Luffa aegyptiaca; Lepidium sativum; Ananas comosus; Zea mays; Daucus carota; Xylopia aethiopica; Mirabilis jalapa; Capsicum annuum; Persea americana; Codiaeum variegatum; Vitis vinifera; Aegiceras corniculatum; Benincasa hispida; Avrainvillea nigricans; Sonneratia alba; Agrimonia pilosa; Curcuma phaeocaulis; Rhododendron ferrugineum; Cajanus cajan; Diospyros kaki; Carthamus tinctorius; Samanea saman; Bertholletia excelsa; Melia azedarach; Borago officinalis; Phaseolus lunatus; Thymus vulgaris; Lygodium japonicum; Senecio scandens; Vallaris solanacea; Eclipta prostrata; Zingiber officinale; Phytolacca acinosa; Cardiospermum halicacabum; Madhuca longifolia; Vigna unguiculata; Aglaia elaeagnoidea; Plantago major; Punica granatum; Vitex trifolia; Polygala sibirica; Manihot esculenta; Jagera pseudorhus; Hordeum vulgare; Kaempferia pulchra; Allium schoenoprasum; Ficus carica; Colocasia esculenta; Drosera peltata; Cuphea carthagenensis; Callistemon coccineus; Jasminum grandiflorum; Viscum coloratum; Allium cepa; Sigesbeckia orientalis; Polygala glomerata; Coriandrum sativum; Vicia faba; Alpinia zerumbet; Myristica gigantea; Curcuma longa; Lupinus albus; Tamarindus indica; Dipterocarpus alatus; Sesamum orientale; Cibotium barometz; Dioscorea polystachya; Datura metel; Xanthium strumarium; Linum usitatissimum; Arachis hypogaea; Citrus reticulata; Bursaria spinosa; Beta vulgaris; Lablab purpureus; Fagopyrum esculentum; Taraxacum officinale; Terminalia chebula; Apium graveolens; Vigna radiata; Carica papaya; Citrus maxima; Virola surinamensis; Vigna mungo; Foeniculum vulgare; Ulva prolifera; Uncaria longiflora; Ipomoea batatas; Olea europaea; Tubocapsicum anomalum; Sesbania punicea; Cuscuta australis; Eucalyptus viminalis; Cullen corylifolium; Eragrostis viscosa; Nauclea officinalis; Piper nigrum; Myrrhis odorata; Mangifera indica; Pogostemon cablin; Alstonia spectabilis; Croton tiglium; Pongamia pinnata; Solanum lycopersicum; Psidium guajava; Nelumbo nucifera; Cucurbita pepo; Syzygium aromaticum; Solanum tuberosum; Bruguiera gymnorhiza; Helianthus annuus; Portulaca oleracea; Adiantum caudatum; Phaseolus vulgaris; Lagenaria siceraria; Myristica fragrans; Castanea crenata; Zanthoxylum bungeanum; Petroselinum crispum; Ziziphus jujuba; Cocos nucifera; Securidaca inappendiculata; Rhizophora mucronata; Cannabis sativa; Cucumis sativus; Raphanus sativus; Brassica oleracea; Glycine max; Elettaria cardamomum; Solanum melongena; Sinapis alba; Asparagus officinalis; Curcuma zedoaria; Cicer arietinum; Momordica charantia; Oryza sativa; Triticum aestivum; Perilla frutescens; Anacardium occidentale; Citrullus lanatus; Papaver somniferum; Psophocarpus tetragonolobus; Zanthoxylum nitidum; Psidium cattleianum; Coffea arabica,NPO10207,Oleic Acid,CHEMBL8659,445639,CCCCCCCC/C=C\CCCCCCCC(=O)O
20,NPC279026,Brassica rapa; Carum carvi; Cucumis melo; Houttuynia cordata; Aquilaria sinensis; Lonicera japonica; Theobroma cacao; Zea mays; Daucus carota; Capsicum annuum; Vitis vinifera; Panicum miliaceum; Artocarpus heterophyllus; Carthamus tinctorius; Thymus vulgaris; Zingiber officinale; Vigna unguiculata; Citrus trifoliata; Ficus carica; Chrysanthemum indicum; Imperata cylindrica; Curcuma longa; Linum usitatissimum; Arachis hypogaea; Citrus reticulata; Fagopyrum esculentum; Sorghum bicolor; Terminalia chebula; Apium graveolens; Virola surinamensis; Prunus mume; Piper nigrum; Citrus limon; Cucurbita pepo; Syzygium aromaticum; Attalea speciosa; Solanum tuberosum; Helianthus annuus; Phaseolus vulgaris; Musa acuminata; Cocos nucifera; Allium sativum; Citrus aurantium; Brassica oleracea; Elettaria cardamomum; Cinnamomum aromaticum; Anacardium occidentale; Citrullus lanatus,NPO27293,Decanoic Acid,CHEMBL107498,2969,CCCCCCCCCC(=O)O
21,NPC290563,Tropaeolum majus; Vitis vinifera; Ficus carica; Linum usitatissimum; Terminalia chebula; Brassica campestris; Raphanus sativus; Glycine max,NPO30971,Erucic Acid,CHEMBL1173380,5281116,CCCCCCCC/C=C\CCCCCCCCCCCC(=O)O
22,NPC294548,Passiflora edulis; Brassica rapa; Garcinia macrophylla; Corchorus olitorius; Satureja hortensis; Chenopodium quinoa; Dipterocarpus dyeri; Carum carvi; Dioscorea pentaphylla; Citrus aurantiifolia; Ipomoea cairica; Salvia hispanica; Rumex acetosa; Cucumis melo; Elaeis guineensis; Gouania microcarpa; Vitex negundo; Monodora angolensis; Gossypium barbadense; Morus cathayana; Prunus persica; Chromolaena odorata; Lonicera japonica; Lepidium sativum; Ananas comosus; Zea mays; Daucus carota; Xylopia aethiopica; Mirabilis jalapa; Capsicum annuum; Avena sativa; Persea americana; Codiaeum variegatum; Vitis vinifera; Aegiceras corniculatum; Panicum miliaceum; Benincasa hispida; Artocarpus heterophyllus; Lycium chinense; Fragaria vesca; Sonneratia alba; Abelmoschus esculentus; Curcuma phaeocaulis; Cajanus cajan; Carthamus tinctorius; Medicago sativa; Samanea saman; Bertholletia excelsa; Thymus vulgaris; Ocimum basilicum; Bidens pilosa; Lasianthus fordii; Zingiber officinale; Madhuca longifolia; Vigna unguiculata; Plantago major; Punica granatum; Anethum graveolens; Manihot esculenta; Drosera indica; Hordeum vulgare; Kaempferia pulchra; Allium ampeloprasum; Allium schoenoprasum; Ficus carica; Chrysanthemum indicum; Colocasia esculenta; Drosera peltata; Callistemon coccineus; Vicia faba; Alpinia zerumbet; Psilotum nudum; Curcuma longa; Uncaria sterrophylla; Lupinus albus; Dipterocarpus alatus; Boenninghausenia albiflora; Sesamum orientale; Cibotium barometz; Dioscorea polystachya; Linum usitatissimum; Arachis hypogaea; Citrus reticulata; Bursaria spinosa; Beta vulgaris; Ophiorrhiza blumeana; Lablab purpureus; Fagopyrum esculentum; Sorghum bicolor; Taraxacum officinale; Terminalia chebula; Apium graveolens; Taraxacum mongolicum; Vigna radiata; Carica papaya; Citrus maxima; Vigna mungo; Ulva prolifera; Ipomoea batatas; Olea europaea; Sesbania punicea; Eragrostis viscosa; Nauclea officinalis; Piper nigrum; Mangifera indica; Alstonia spectabilis; Croton tiglium; Solanum lycopersicum; Citrus limon; Psidium guajava; Plantago asiatica; Nelumbo nucifera; Cucurbita pepo; Syzygium aromaticum; Eragrostis tef; Solanum tuberosum; Bruguiera gymnorhiza; Helianthus annuus; Portulaca oleracea; Phaseolus vulgaris; Musa acuminata; Petroselinum crispum; Ziziphus jujuba; Securidaca inappendiculata; Gardenia tubifera; Canarium strictum; Allium sativum; Rhizophora mucronata; Brassica napus; Cannabis sativa; Cucumis sativus; Raphanus sativus; Brassica oleracea; Glycine max; Elettaria cardamomum; Solanum melongena; Sinapis alba; Asparagus officinalis; Curcuma zedoaria; Cicer arietinum; Artocarpus altilis; Cinnamomum aromaticum; Oryza sativa; Triticum aestivum; Perilla frutescens; Anacardium occidentale; Plantago depressa; Citrullus lanatus; Papaver somniferum; Psophocarpus tetragonolobus; Psidium cattleianum; Coffea arabica,NPO14821,Linolenic Acid,CHEMBL8739,5280934,CC/C=C\C/C=C\C/C=C\CCCCCCCC(=O)O
23,NPC301585,Lespedeza cyrtobotrya; Garcinia macrophylla; Salvia hispanica; Pyrola japonica; Elaeis guineensis; Houttuynia cordata; Gouania microcarpa; Aquilaria sinensis; Vitex negundo; Lobelia chinensis; Monodora angolensis; Gossypium barbadense; Morus cathayana; Lonicera japonica; Xylopia aethiopica; Mirabilis jalapa; Capsicum annuum; Vitis vinifera; Aegiceras corniculatum; Benincasa hispida; Avrainvillea nigricans; Lycium chinense; Sonneratia alba; Agrimonia pilosa; Curcuma phaeocaulis; Rhododendron ferrugineum; Diospyros kaki; Carthamus tinctorius; Phaseolus lunatus; Senecio scandens; Vallaris solanacea; Gmelina arborea; Zingiber officinale; Combretum indicum; Plantago major; Punica granatum; Vitex trifolia; Chrysanthemum indicum; Jasminum grandiflorum; Viscum coloratum; Imperata cylindrica; Jatropha curcas; Curcuma longa; Linum usitatissimum; Citrus reticulata; Ophiorrhiza blumeana; Euphorbia hirta; Terminalia chebula; Garcinia lateriflora; Ulva prolifera; Eragrostis viscosa; Nauclea officinalis; Mangifera indica; Nelumbo nucifera; Bruguiera gymnorhiza; Helianthus annuus; Portulaca oleracea; Myristica fragrans; Ziziphus jujuba; Cocos nucifera; Canarium strictum; Raphanus sativus; Glycine max; Elettaria cardamomum; Diospyros montana; Gardenia jasminoides,NPO25114,Myristic Acid,CHEMBL111077,11005,CCCCCCCCCCCCCC(=O)O
24,NPC36061,Garcinia macrophylla; Salvia hispanica; Cucumis melo; Elaeis guineensis; Gouania microcarpa; Aquilaria sinensis; Monodora angolensis; Gossypium barbadense; Morus cathayana; Adenanthera pavonina; Citrus medica; Capsicum annuum; Vitis vinifera; Benincasa hispida; Avrainvillea nigricans; Agrimonia pilosa; Curcuma phaeocaulis; Rhododendron ferrugineum; Carthamus tinctorius; Melia azedarach; Senecio scandens; Vallaris solanacea; Zingiber officinale; Punica granatum; Vitex trifolia; Callistemon coccineus; Jasminum grandiflorum; Viscum coloratum; Alpinia zerumbet; Curcuma longa; Sesamum orientale; Linum usitatissimum; Citrus reticulata; Ophiorrhiza blumeana; Macadamia ternifolia; Alstonia spectabilis; Andrographis paniculata; Helianthus annuus; Portulaca oleracea; Petroselinum crispum; Ziziphus jujuba; Canarium strictum; Raphanus sativus; Glycine max; Elettaria cardamomum; Cinnamomum aromaticum,NPO14701,Palmitoleic Acid,CHEMBL453509,445638,CCCCCC/C=C\CCCCCCCC(=O)O
25,NPC5413,Hydrolithon reinboldii; Zea mays; Daucus carota; Capsicum annuum; Persea americana; Vitis vinifera; Borago officinalis; Ocimum basilicum; Arachis hypogaea; Vicia sativa; Solanum tuberosum; Phaseolus vulgaris; Petroselinum crispum; Cannabis sativa; Raphanus sativus,NPO27293,Gamolenic Acid,CHEMBL464982,5280933,CCCCC/C=C\C/C=C\C/C=C\CCCCC(=O)O
26,NPC85813,Nerium oleander; Passiflora edulis; Capparis spinosa; Allium tuberosum; Asplenium normale; Brassica rapa; Alstonia muelleriana; Garcinia macrophylla; Trifolium alexandrinum; Corchorus olitorius; Satureja hortensis; Chenopodium quinoa; Sauromatum giganteum; Carum carvi; Corylus avellana; Dioscorea pentaphylla; Citrus aurantiifolia; Salvia hispanica; Cucumis melo; Solanum jamaicense; Elaeis guineensis; Houttuynia cordata; Gouania microcarpa; Vitex negundo; Monodora angolensis; Gossypium barbadense; Ceratophyllum submersum; Morus cathayana; Brucea javanica; Prunus persica; Chromolaena odorata; Lonicera japonica; Theobroma cacao; Vitex rotundifolia; Luffa aegyptiaca; Lepidium sativum; Ananas comosus; Citrus medica; Zea mays; Daucus carota; Xylopia aethiopica; Mirabilis jalapa; Capsicum annuum; Avena sativa; Persea americana; Codiaeum variegatum; Vitis vinifera; Aegiceras corniculatum; Panicum miliaceum; Benincasa hispida; Artocarpus heterophyllus; Lycium chinense; Sonneratia alba; Agrimonia pilosa; Abelmoschus esculentus; Curcuma phaeocaulis; Cajanus cajan; Carthamus tinctorius; Medicago sativa; Samanea saman; Bertholletia excelsa; Melia azedarach; Borago officinalis; Phaseolus lunatus; Thymus vulgaris; Lygodium japonicum; Gmelina arborea; Eclipta prostrata; Bidens pilosa; Zingiber officinale; Psychotria serpens; Madhuca longifolia; Vigna unguiculata; Plantago major; Punica granatum; Vitex trifolia; Anethum graveolens; Polygala sibirica; Manihot esculenta; Bidens tripartita; Jagera pseudorhus; Hypericum japonicum; Drosera indica; Hordeum vulgare; Kaempferia pulchra; Allium ampeloprasum; Allium schoenoprasum; Ficus carica; Colocasia esculenta; Drosera peltata; Xyris indica; Viscum coloratum; Polygala glomerata; Coriandrum sativum; Vicia faba; Imperata cylindrica; Gomphostemma parviflorum; Myristica gigantea; Hippobroma longiflora; Psilotum nudum; Curcuma longa; Uncaria sterrophylla; Lupinus albus; Tamarindus indica; Dipterocarpus alatus; Boenninghausenia albiflora; Sesamum orientale; Cibotium barometz; Dioscorea polystachya; Datura metel; Xanthium strumarium; Linum usitatissimum; Arachis hypogaea; Citrus reticulata; Bursaria spinosa; Beta vulgaris; Ophiorrhiza blumeana; Lablab purpureus; Fagopyrum esculentum; Sorghum bicolor; Taraxacum officinale; Terminalia chebula; Apium graveolens; Taraxacum mongolicum; Vigna radiata; Carica papaya; Virola surinamensis; Vigna mungo; Morus alba; Foeniculum vulgare; Ulva prolifera; Uncaria longiflora; Ipomoea batatas; Olea europaea; Tubocapsicum anomalum; Sesbania punicea; Cuscuta australis; Eucalyptus viminalis; Cullen corylifolium; Eragrostis viscosa; Nauclea officinalis; Piper nigrum; Myrrhis odorata; Mangifera indica; Pogostemon cablin; Croton tiglium; Solanum lycopersicum; Citrus limon; Psidium guajava; Nelumbo nucifera; Cucurbita pepo; Syzygium aromaticum; Solanum tuberosum; Bruguiera gymnorhiza; Helianthus annuus; Portulaca oleracea; Phaseolus vulgaris; Lagenaria siceraria; Dipteryx odorata; Glycine tomentella; Myristica fragrans; Musa acuminata; Castanea crenata; Petroselinum crispum; Ziziphus jujuba; Cocos nucifera; Securidaca inappendiculata; Canarium strictum; Allium sativum; Rhizophora mucronata; Brassica napus; Malus sylvestris; Cannabis sativa; Cucumis sativus; Raphanus sativus; Brassica oleracea; Glycine max; Cratoxylum maingayi; Elettaria cardamomum; Solanum melongena; Sinapis alba; Asparagus officinalis; Curcuma zedoaria; Cicer arietinum; Artocarpus altilis; Momordica charantia; Oryza sativa; Triticum aestivum; Perilla frutescens; Anacardium occidentale; Citrullus lanatus; Papaver somniferum; Psophocarpus tetragonolobus; Psidium cattleianum,NPO19975,Linoleic Acid,CHEMBL267476,5280450,CCCCC/C=C\C/C=C\CCCCCCCC(=O)O
27,NPC91495,Myroxylon balsamum; Humboldtia laurifolia; Agrimonia eupatoria; Selaginella uncinata; Prunus persica; Cheilanthes tenuifolia; Persea americana; Pterocaulon alopecuroides; Palhinhaea cernua; Curcuma longa; Senna siamea; Fagopyrum esculentum; Portulaca oleracea; Brassica oleracea,NPO12323,Arachidonic Acid,CHEMBL15594,444899,CCCCC/C=C\C/C=C\C/C=C\C/C=C\CCCC(=O)O
28,NPC250361,Murraya koenigii,NPO3364,Carbazole,CHEMBL243580,6854,c1ccc2c(c1)[nH]c1ccccc12
29,NPC279915,Camellia sinensis,NPO8258,Theasaponin E2,CHEMBL500731,44566567,C/C=C\C(=O)O[C@H]1[C@H](O)[C@]2(COC(C)=O)[C@H](O)C[C@]3(C)C(=CC[C@@H]4[C@@]5(C)CC[C@H](O[C@@H]6O[C@H](C(=O)O)[C@@H](O)[C@H](O[C@@H]7OC[C@H](O)[C@H](O)[C@H]7O[C@@H]7OC[C@@H](O)[C@H](O)[C@H]7O)[C@H]6O[C@@H]6O[C@H](CO)[C@H](O)[C@H](O)[C@H]6O)[C@@](C)(C=O)C5CC[C@]43C)[C@@H]2CC1(C)C
30,NPC124302,Coptis teeta,NPO22622,"6,7-Dimethoxy-3-(6-Methyl-7,8-Dihydro-5H-[1,3]Dioxolo[4,5-G]Isoquinolin-5-Yl)-3H-2-Benzofuran-1-One",CHEMBL1256868,1309,COc1ccc2c(c1OC)C(=O)OC2C1c2cc3c(cc2CCN1C)OCO3
31,NPC223185,Coix lacryma-jobi,NPO12126,4-Ketopinoresinol,CHEMBL479035,44578390,COc1cc([C@H]2OC(=O)[C@H]3[C@@H]2CO[C@@H]3c2ccc(O)c(OC)c2)ccc1O
32,NPC266572,Morus alba,NPO7154,Glabrone,CHEMBL600457,5317652,CC1(C)C=Cc2c(ccc(-c3coc4cc(O)ccc4c3=O)c2O)O1
33,NPC472283,Swietenia macrophylla,NPO3136,QYULJHYYKMGSKH-ZPGLWJSISA-N,CHEMBL3357581,14587331,C/C=C(\C)C(=O)O[C@@H]1[C@H]2C=C3[C@@H]4CC(=O)O[C@@H](c5ccoc5)[C@]4(C)CC[C@@H]3[C@@](C)(C2=O)[C@@H]([C@@H](OC(C)=O)C(=O)OC)C1(C)C
34,NPC117992,Neomeris annulata,NPO5276,Dulxanthone B,CHEMBL2147809,10787706,COc1c(CC=C(C)C)c(O)c2c(=O)c3ccc(O)c(O)c3oc2c1CC=C(C)C
35,NPC475009,Myristica fragrans,NPO5241,1-(2-Hydroxy-6-Methoxyphenyl)-9-(4-Methoxyphenyl)Nonan-1-One,CHEMBL491791,13965862,COc1ccc(CCCCCCCCC(=O)c2c(O)cccc2OC)cc1
36,NPC126101,Rhododendron ferrugineum,NPO18212,Ferruginene B,CHEMBL1775032,52951887,C=C(C/C=C/C(C)(C)O)[C@@H]1CC[C@](C)(O)[C@H]2Oc3cc(C)cc(O)c3[C@@H]12
37,NPC66991,Quercus petraea,NPO28250,"(2R,3'r,6's)-3'-Hydroxy-2',2',6'-Trimethylspiro[3H-1-Benzofuran-2,1'-Cyclohexane]-5-Carboxylic Acid",CHEMBL1079167,44416729,C[C@H]1CC[C@@H](O)C(C)(C)[C@@]12Cc1cc(C(=O)O)ccc1O2
38,NPC32177,Antiaris toxicaria,NPO8369,Antiaroside B,CHEMBL1169847,46872577,C[C@@H]1O[C@@H](O[C@H]2CC[C@@]3(CO)[C@H](CC[C@@H]4[C@@H]3CC[C@]3(C)[C@@H](C5=CC(=O)OC5)CC[C@]43O)C2)[C@H](O)[C@H](O)[C@H]1O[C@@H]1O[C@H](CO)[C@@H](O)[C@H](O)[C@H]1O
39,NPC18945,Brucea javanica,NPO14948,Brusatol,CHEMBL450464,12302104,COC(=O)[C@]12OC[C@]34[C@H]([C@@H](O)[C@@H]1O)[C@@]1(C)CC(=O)C(O)=C(C)[C@@H]1C[C@H]3OC(=O)[C@H](OC(=O)C=C(C)C)[C@@H]24
40,NPC251236,Quassia amara,NPO704,Quassimarin,CHEMBL444177,44566234,CC[C@](C)(OC(C)=O)C(=O)O[C@H]1C(=O)O[C@@H]2C[C@H]3C(C)=CC(=O)[C@@H](O)[C@]3(C)[C@H]3[C@@H](O)[C@H](O)[C@@]4(C)OC[C@]32[C@@H]14
41,NPC214368,Toxicodendron succedaneum,NPO12309,Pitucamycin,CHEMBL1224596,46939682,NC(=O)C1=C(N)[C@@H](O)[C@H](O)[C@@H](Nc2cc3nc4cc(CO)ccc4oc-3cc2=O)C1=O
42,NPC78046,Calliandra haematocephala; Taraxacum officinale; Terminalia chebula,NPO26399,Oblonganoside B,CHEMBL2268499,16216518,CC1=C(C)[C@H]2C3=CC[C@@H]4[C@@]5(C)CC[C@H](O[C@@H]6OC[C@@H](O)[C@H](O)[C@H]6O)C(C)(C)[C@@H]5CC[C@@]4(C)[C@]3(C)CC[C@@]2(C(=O)O[C@@H]2O[C@H](CO)[C@@H](O)[C@H](O)[C@H]2O)CC1
43,NPC44260,Amphorogyne spicata; Benincasa hispida; Strophanthus preussii; Jacquemontia paniculata; Phytolacca acinosa; Grangea maderaspatana; Rheum officinale; Cardiospermum halicacabum; Aglaia elaeagnoidea; Punica granatum; Dillenia indica; Photinia serratifolia; Cuphea carthagenensis,NPO28912,"1,2,6-Tri-O-Galloyl-Beta-D-Glucose",CHEMBL447974,440308,O=C(OC[C@H]1O[C@@H](OC(=O)c2cc(O)c(O)c(O)c2)[C@H](OC(=O)c2cc(O)c(O)c(O)c2)[C@@H](O)[C@@H]1O)c1cc(O)c(O)c(O)c1
44,NPC156869,Lycopodium japonicum; Calophyllum inophyllum; Laurencia decumbens,NPO7703,Quercetin 3-O-Beta-D-Glucopyranosyl-4-O-Beta-D-Glucopyranoside,CHEMBL1097317,5320834,O=c1c(O[C@@H]2O[C@H](CO[C@@H]3O[C@H](CO)[C@@H](O)[C@H](O)[C@H]3O)[C@@H](O)[C@H](O)[C@H]2O)c(-c2ccc(O)c(O)c2)oc2cc(O)cc(O)c12
45,NPC103647,Mascarenhasia arborescens; Kummerowia striata; Sida cordifolia; Solanum sisymbriifolium; Salacia chinensis; Merremia umbellata,NPO9780,3-Oxo-29-Hydroxyfriedelane,CHEMBL516320,14108943,C[C@H]1C(=O)CC[C@@H]2[C@]1(C)CC[C@H]1[C@@]2(C)CC[C@@]2(C)[C@@H]3C[C@](C)(CO)CC[C@]3(C)CC[C@]12C
46,NPC66052,Duranta erecta; Carum carvi; Phalaenopsis amabilis; Calophyllum teysmannii; Rheum officinale; Punica granatum; Xanthium strumarium; Rheum palmatum; Brassica juncea; Pogostemon cablin,NPO21349,Sorbitol,CHEMBL1682,5780,OC[C@@H](O)[C@@H](O)[C@H](O)[C@@H](O)CO
47,NPC184437,Alseodaphne perakensis,NPO11155,Hydroxycryptolepine,CHEMBL504189,n.a.,Cn1c2c3ccccc3nc-2c(O)c2ccccc21
48,NPC18128,Arundina graminifolia,NPO6006,Gramistilbenoid C,CHEMBL2431357,72702681,COc1cc(/C=C/c2cc(O)c(CCO)c(O)c2)cc(OC)c1
49,NPC85078,Lygodium japonicum,NPO1960,Isosorbide Dinitrate,CHEMBL6622,6883,O=[N+]([O-])O[C@H]1CO[C@H]2[C@@H]1OC[C@H]2O[N+](=O)[O-]
50,NPC118524,Crotalaria tetragona,NPO1517,L-Erythro-Tricholomic Acid,CHEMBL260328,441456,N[C@H](C(=O)O)[C@@H]1CC(O)=NO1
51,NPC278323,Dalbergia parviflora,NPO14114,2'-Methoxybiochanin A,CHEMBL1088580,44257324,COc1ccc(-c2coc3cc(O)cc(O)c3c2=O)c(OC)c1
52,NPC246229,Salvinia molesta,NPO4984,XNPVHIQPSAZTLC-NYUBLWNDSA-N,CHEMBL464376,23243692,CO[C@H]1c2cc(C(C)C)c(O)c(O)c2[C@@]23CCCC(C)(C)[C@@H]2[C@@H]1OC3=O
53,NPC229262,Piper cubeba; Citrus aurantiifolia; Vitex negundo; Citrus medica; Daucus carota; Capsicum annuum; Santalum album; Agrimonia pilosa; Curcuma phaeocaulis; Melia azedarach; Thymus vulgaris; Ocimum basilicum; Zingiber officinale; Curcuma longa; Murraya paniculata; Platycladus orientalis; Foeniculum vulgare; Piper nigrum; Amomum compactum; Litsea cubeba; Citrus limon; Petroselinum crispum; Citrus aurantium; Elettaria cardamomum,NPO17691,"1-Methyl-4-(6-Methylhepta-1,5-Dien-2-Yl)Cyclohexene",CHEMBL2001434,403919,C=C(CCC=C(C)C)C1CC=C(C)CC1
54,NPC34376,Pongamia pinnata,NPO30165,JRTNAZKQGYGUQE-SFHVURJKSA-N,CHEMBL3581072,n.a.,CC1(C)C=Cc2c(ccc3c2O[C@H](c2ccc4c(c2)OCO4)CC3=O)O1
55,NPC213401,Vitex rotundifolia,NPO15454,Vitrofolal D,CHEMBL478086,10384147,COc1cc2c(cc1OC)-c1c(c(C=O)cc3ccc(O)c(OC)c13)C2=O
56,NPC234888,Gomphrena globosa; Crinum asiaticum,NPO13080,1-Iodohexadecane,CHEMBL1233571,11007,CCCCCCCCCCCCCCCCI
57,NPC278476,Broussonetia papyrifera,NPO5495,"(2R,3R)-Lespedezaflavanone C",CHEMBL463256,14542252,CC(C)=CCc1cc([C@H]2Oc3c(CC=C(C)C)c(O)cc(O)c3C(=O)[C@@H]2O)ccc1O
58,NPC70542,Antiaris toxicaria,NPO8369,Antiaroside L,CHEMBL2419867,73347666,C[C@H]1O[C@@H](O[C@@H]2CC[C@]3(C=O)[C@H]4C[C@@H](O)[C@]5(C)[C@@H](C6=CC(=O)OC6)CC[C@]5(O)[C@@H]4CC[C@]3(O)C2)[C@H](O)[C@H](O)[C@@H]1O
59,NPC162685,Lygodium japonicum,NPO24093,"2-[(3S,3As,5Ar,5Br,7As,11As,11Br,13Ar,13Bs)-5A,5B,8,8,11A,13B-Hexamethyl-1,2,3,3A,4,5,6,7,7A,9,10,11,11B,12,13,13A-Hexadecahydrocyclopenta[A]Chrysen-3-Yl]Propan-2-Ol",CHEMBL2448591,164874,CC(C)(O)[C@H]1CC[C@]2(C)[C@H]3CC[C@@H]4[C@@]5(C)CCCC(C)(C)[C@@H]5CC[C@@]4(C)[C@]3(C)CC[C@@H]12
60,NPC328267,Hypericum monogynum; Hypericum uralum,NPO5743,Fluoxetine,CHEMBL41,3386,CNCCC(Oc1ccc(C(F)(F)F)cc1)c1ccccc1
61,NPC180204,Gynostemma pentaphyllum; Dahlia pinnata,NPO11990,Gypensapogenin G,CHEMBL2313423,71517218,CC(=O)O[C@H]1CC[C@]2(C)[C@H]3CC[C@@H]4[C@@H](C5=C[C@H](CC(C)(C)O)OC5=O)CC[C@@]4(C)[C@]3(C)CC[C@H]2C1(C)C
62,NPC144854,Vitex negundo; Aralidium pinnatifidum; Eurycoma longifolia,NPO6626,CUGAWYNVYRXBFW-ANTZAFMPSA-N,CHEMBL1081417,46878901,CC1=CC(=O)[C@@H](O)[C@]2(C)[C@H]3[C@@H](O)[C@@H]4OC(=O)[C@@H]([C@H]4C)[C@]3(C)[C@H](O)C[C@@H]12
63,NPC317305,Zingiber officinale,NPO20553,5-Hydroxy-1-(4-Hydroxyphenyl)Decan-3-One,CHEMBL1950586,9795270,CCCCCC(O)CC(=O)CCc1ccc(O)cc1
64,NPC471071,Aegle marmelos,NPO5045,R-(+)-Marmin-6'-Linoleate,CHEMBL2346917,71584690,CCCCC/C=C\C/C=C\CCCCCCCC(=O)O[C@H](CC/C(C)=C/COc1ccc2ccc(=O)oc2c1)C(C)(C)O
65,NPC45522,Drosera spatulata; Buphthalmum salicifolium,NPO17829,Patuletin 3-O-Beta-D-Glucoside,CHEMBL2037045,11968829,COc1c(O)cc2oc(-c3ccc(O)c(O)c3)c(O[C@@H]3O[C@H](CO)[C@@H](O)[C@H](O)[C@H]3O)c(=O)c2c1O
66,NPC186588,Nardia succulenta; Gracilariopsis lemaneiformis,NPO7474,Dendocarbin N,CHEMBL459606,21592441,CC1(C)CCC[C@]2(C)[C@H]3[C@H](O)OC[C@]34O[C@@H]4[C@H](O)[C@@H]12
67,NPC13755,Sphaeranthus indicus; Etlingera littoralis; Chelidonium majus; Abelmoschus esculentus; Ocimum basilicum; Asplenium adiantum-nigrum; Limnophila rugosa; Pityrogramma chrysophylla; Cinnamomum aromaticum; Anacardium occidentale; Averrhoa carambola,NPO10116,Para-Methoxy Cinnamaldehyde,CHEMBL452173,641294,COc1ccc(/C=C/C=O)cc1
68,NPC41461,Diospyros eriantha; Salvia hispanica; Atalantia racemosa; Pteris semipinnata,NPO24390.1,"2',4-Dihydroxy-4',6'-Dimethoxy-3'-Prenylchalcone",CHEMBL466335,10959555,COc1cc(OC)c(C(=O)/C=C/c2ccc(O)cc2)c(O)c1CC=C(C)C
69,NPC236089,Ilex crenata; Aglaia edulis,NPO23941,Pannellin,CHEMBL464992,10791693,COC(=O)[C@H]1[C@@H](O)[C@@]2(O)c3c(cc4c(c3OC)OCO4)O[C@@]2(c2ccc(OC)cc2)[C@@H]1c1ccccc1
70,NPC256133,Nephelium maingayi,NPO19602,Nephelioside Iv,CHEMBL448391,21575018,CO[C@@H]1C[C@H]2C(C)(C)[C@@H](O[C@@H]3O[C@H](CO)[C@@H](O)[C@H](O[C@@H]4OC[C@H](O)[C@H](O)[C@H]4O)[C@H]3O[C@@H]3O[C@H](CO)[C@@H](O)[C@H](O)[C@H]3O)CC[C@]2(C)[C@H]2CC=C3[C@@H]4CC(C)(C)CC[C@]4(CO)CC[C@@]3(C)[C@@]21C
71,NPC276944,Nandina domestica,NPO28410,PQECCKIOFCWGRJ-UHFFFAOYSA-N,CHEMBL2314746,261619,COc1ccc2c(c1O)CN1CCc3cc4c(cc3C1C2)OCO4
72,NPC244875,Evolvulus alsinoides,NPO22311,Evolvoside E,CHEMBL2336774,71524830,COc1cc(OC)c2c(=O)c(O)c(-c3ccc(O[C@@H]4O[C@H](CO[C@@H]5O[C@@H](C)[C@H](O)[C@@H](O)[C@H]5O[C@@H]5O[C@H](CO)[C@@H](O)[C@H](O)[C@H]5O)[C@@H](O)[C@H](O)[C@H]4O)cc3)oc2c1
73,NPC220858,Annona squamosa,NPO2884,Isocoreximine,CHEMBL1164088,10616178,COc1cc2c(cc1O)C[C@H]1c3cc(OC)c(O)cc3CCN1C2
74,NPC47946,Piper cubeba; Pteris dispar; Houttuynia cordata; Vitex negundo; Citrus medica; Daucus carota; Vitis vinifera; Agrimonia pilosa; Curcuma phaeocaulis; Artemisia scoparia; Thymus vulgaris; Zingiber officinale; Curcuma longa; Liparis nervosa; Citrus reticulata; Citrus maxima; Litsea cubeba; Citrus limon; Allium victorialis; Zanthoxylum bungeanum; Citrus aurantium; Elettaria cardamomum,NPO6571,Geranyl Acetate,CHEMBL1369384,1549026,CC(=O)OC/C=C(\C)CCC=C(C)C
75,NPC156818,Camellia sinensis,NPO8258,(-)-Epiafzelechin Gallate,CHEMBL159706,467295,O=C(O[C@@H]1Cc2c(O)cc(O)cc2O[C@@H]1c1ccc(O)cc1)c1cc(O)c(O)c(O)c1
76,NPC89929,Asplenium normale; Trifolium alexandrinum; Solanum jamaicense; Ceratophyllum submersum; Brucea javanica; Castanea crenata,NPO9203,Javanicolide C,CHEMBL443898,11214625,COC(=O)[C@@]12OC[C@]34[C@H]([C@@H](O)[C@@H]1O)[C@@]1(C)C[C@@H](O)[C@@H](O)[C@@H](C)[C@@H]1C[C@H]3OC(=O)[C@H](OC(=O)C=C(C)C)[C@@H]24
77,NPC474285,Plumeria rubra,NPO12734,15-Demethylplumieride,CHEMBL464702,44593505,C[C@H](O)C1=C[C@@]2(C=C[C@@H]3C(C(=O)O)=CO[C@@H](O[C@@H]4O[C@H](CO)[C@@H](O)[C@H](O)[C@H]4O)[C@@H]32)OC1=O
78,NPC470714,Allium victorialis,NPO3860.1,Allivictoside C,CHEMBL2206199,71450590,O=C(/C=C/c1ccc(O)cc1)O[C@H]1[C@H](Oc2c(-c3ccc(O[C@@H]4O[C@H](CO)[C@@H](O)[C@H](O)[C@H]4O)cc3)oc3cc(O[C@@H]4O[C@H](CO)[C@@H](O)[C@H](O)[C@H]4O)cc(O)c3c2=O)O[C@H](CO)[C@@H](O)[C@@H]1O
79,NPC157193,Dipterocarpus dyeri; Ipomoea cairica; Fragaria vesca; Lasianthus fordii; Gardenia tubifera; Perilla frutescens,NPO1795,Methyl Alpha-D-Galactoside,CHEMBL467773,76935,CO[C@H]1O[C@H](CO)[C@H](O)[C@H](O)[C@H]1O
80,NPC55732,Xanthium strumarium,NPO2494,"7-(Hydroxymethyl)-8,8-Dimethyl-4H-1,4-Benzothiazine-3,5-Dione",CHEMBL1350218,15945057,CC1(C)C(CO)=CC(=O)C2=C1SCC(=O)N2
81,NPC321505,Cocculus laurifolius,NPO27912,Methyl Coclaurine,CHEMBL453292,2752274,COc1cc2c(cc1O)C(Cc1ccc(O)cc1)N(C)CC2
82,NPC224624,Piper longum,NPO26237,"(3R,4S)-3,4-Dihydroxypiperidin-2-One",CHEMBL2347642,71720812,O=C1NCC[C@H](O)[C@H]1O
83,NPC49983,Punica granatum; Quercus petraea,NPO28472,Vescalagin,CHEMBL607711,168165,O=C1OCC2OC(=O)c3cc(O)c(O)c(O)c3-c3c(O)c(O)c(O)c4c3C(=O)OC(C2OC(=O)c2cc(O)c(O)c(O)c2-c2c1cc(O)c(O)c2O)C1OC(=O)c2c-4c(O)c(O)c(O)c2C1O
84,NPC470114,Azadirachta indica,NPO4406,MROCGOLKYILTRS-AYYQWHTISA-N,CHEMBL1774405,54580355,CCC(C)C(=O)O[C@@H]1[C@@H]2OC[C@]3(C)[C@H](OC(C)=O)C[C@H](O)[C@](C)([C@H]4CC[C@@](C)([C@@H](C)[C@H]5COC(=O)C5)C[C@]14C)[C@@H]23
85,NPC85192,Persicaria perfoliata,NPO6826,Vanicoside A,CHEMBL454490,44575681,COc1cc(/C=C/C(=O)OC[C@H]2O[C@@H](O[C@]3(COC(=O)/C=C/c4ccc(O)cc4)O[C@H](COC(=O)/C=C/c4ccc(O)cc4)[C@@H](O)[C@@H]3OC(=O)/C=C/c3ccc(O)cc3)[C@H](OC(C)=O)[C@@H](O)[C@@H]2O)ccc1O
86,NPC469955,Calophyllum inophyllum,NPO2804,DDHWWLULUFLVOI-WBPRFABPSA-N,CHEMBL134227,455258,CC(=O)O[C@@H]1c2c(c3c(c4c(-c5ccccc5)cc(=O)oc24)OC(C)(C)C=C3)O[C@H](C)[C@H]1C
87,NPC118078,Sarcandra glabra,NPO29221,Sarcaglaboside E,CHEMBL475673,11526742,CC1=C2C/C=C(\CO[C@@H]3O[C@H](CO[C@@H]4OC[C@](O)(CO)[C@H]4O)[C@@H](O)[C@H](O)[C@H]3O)CC/C=C(\C)C[C@@H]2OC1=O
88,NPC265513,Eria linearifolia; Castanea mollissima; Asparagus racemosus; Goniothalamus macrophyllus; Vigna luteola; Elaeocarpus serratus; Uncaria longiflora; Tubocapsicum anomalum; Cuscuta australis; Eucalyptus viminalis; Myrrhis odorata; Elettaria cardamomum,NPO28266,7-Oxodehydroabietinol,CHEMBL598770,15715176,CC(C)c1ccc2c(c1)C(=O)C[C@H]1[C@](C)(CO)CCC[C@]21C
89,NPC198992,Sarcandra glabra; Desmodium uncinatum; Pandanus dubius,NPO9210,Sarcaglaboside C,CHEMBL520747,11596696,C=C[C@]1(C)C[C@@H]2OC(=O)C(C)=C2C[C@H]1C(=C)CO[C@@H]1O[C@H](CO)[C@@H](O)[C@H](O)[C@H]1O
90,NPC171409,Artabotrys maingayi; Chelidonium majus; Senna spectabilis; Diospyros ebenum; Coptis teeta; Zanthoxylum nitidum,NPO24868,Coptisine,CHEMBL362071,72322,c1c2c(cc3c1OCO3)-c1cc3ccc4c(c3c[n+]1CC2)OCO4
91,NPC23837,Lagascea mollis; Foeniculum vulgare,NPO9130,"1,4-Dimethoxybenzene",CHEMBL1668604,9016,COc1ccc(OC)cc1
92,NPC221342,Uncaria tomentosa; Cestrum nocturnum,NPO25801,Camelliaside B,CHEMBL501769,25115190,C[C@@H]1O[C@@H](OC[C@H]2O[C@@H](Oc3c(-c4ccc(O)cc4)oc4cc(O)cc(O)c4c3=O)[C@H](O[C@@H]3OC[C@@H](O)[C@H](O)[C@H]3O)[C@@H](O)[C@@H]2O)[C@H](O)[C@H](O)[C@H]1O
93,NPC188738,Vitex negundo; Aralidium pinnatifidum; Eurycoma longifolia,NPO8220,Eurycomalide B,CHEMBL1079672,46878940,CC1=C[C@H](O)[C@@H](O)[C@@]2(C)C1=CC(=O)[C@]1(C)[C@@H]2[C@@H](O)[C@@H]2OC(=O)[C@H]1[C@H]2C
94,NPC181653,Zephyranthes candida; Dalbergia candenatensis; Elaeocarpus sphaericus; Cinchona officinalis; Crinum amabile,NPO22317,Lycorine,CHEMBL400092,72378,O[C@H]1[C@H]2c3cc4c(cc3CN3CCC(=C[C@@H]1O)[C@H]23)OCO4
95,NPC243981,Asplenium normale; Trifolium alexandrinum; Solanum jamaicense; Ceratophyllum submersum; Brucea javanica; Castanea crenata,NPO3164,Bruceajavanone A 7-Acetate,CHEMBL504211,44582339,CCCCCC(=O)O[C@@H]1C[C@]2(C)C(=CC[C@H]2[C@@H]2C[C@@H]([C@@H]3OC3(C)C)O[C@@H]2OC(C)=O)[C@@]2(C)[C@H]1[C@@]1(C)C=CC(=O)C(C)(C)[C@@H]1C[C@H]2OC(C)=O
96,NPC248068,Glycosmis macrophylla; Stephania zippeliana; Breonia chinensis; Sonneratia caseolaris,NPO17362,6-Alpha-Hydroxydemethyl-Cryptojaponol,CHEMBL2252749,76326386,CC(C)c1cc2c(c(O)c1O)[C@@]1(C)CCCC(C)(C)[C@@H]1[C@@H](O)C2=O
97,NPC194653,Striga lutea; Crotalaria medicaginea; Dalbergia parviflora; Dalbergia sissoo; Cytisus scoparius; Pongamia pinnata; Kopsia teoi; Cicer arietinum,NPO24846,Pratensein,CHEMBL252904,5281803,COc1ccc(-c2coc3cc(O)cc(O)c3c2=O)cc1O
98,NPC159232,Harrisonia perforata,NPO21362,Harrisonin,CHEMBL2398516,5281308,COC(=O)/C=C\[C@]1(C)[C@H]2CC[C@@]3(C)[C@H](c4ccoc4)OC(=O)[C@H]4O[C@]43[C@]2(C)[C@]2(O)OC(C)(C)C(=O)[C@@]21O
99,NPC118086,Melia azedarach,NPO18932,1-O-Deacetylohchinolide A,CHEMBL452119,11296398,CC(=O)O[C@@H]1C[C@H](O)[C@@]2(C)[C@H]3[C@@H](OC[C@]13C)[C@@H](OC(=O)c1ccccc1)[C@@]1(C)C3=C(C)[C@H](c4ccoc4)C[C@@H]3OC(=O)C[C@@H]12
100,NPC29765,Callicarpa japonica; Avrainvillea longicaulis; Bryum argenteum; Entada phaseoloides; Ardisia crispa; Jackiella javanica; Pangium edule; Prunus turfosa; Magnolia montana; Sterculia foetida; Gmelina asiatica; Vigna mungo; Phyllanthus emblica,NPO18422,Entagenic Acid,CHEMBL2235397,21594206,CC1(C)CC[C@]2(C(=O)O)[C@H](O)[C@H](O)[C@]3(C)C(=CC[C@@H]4[C@@]5(C)CC[C@H](O)C(C)(C)[C@@H]5CC[C@]43C)[C@@H]2C1
101,NPC34414,Plumbago zeylanica; Diospyros maritima; Diospyros kaki,NPO16657,Chitranone,CHEMBL470658,633072,CC1=CC(=O)c2c(ccc(C3=C(C)C(=O)c4cccc(O)c4C3=O)c2O)C1=O
102,NPC53906,Gymnadenia conopsea; Syzygium aromaticum,NPO11479,3'-O-Methylbatatasin Iii,CHEMBL477124,442711,COc1cccc(CCc2cc(O)cc(OC)c2)c1
103,NPC296114,Hypericum papuanum,NPO21587,Papuaforin D,CHEMBL518316,11038341,CCC(C)C(=O)[C@]12C(=O)C3=C(OC(C)(C)C=C3)[C@](C)(C[C@@H](CC=C(C)C)[C@]1(C)CCC=C(C)C)C2=O
104,NPC46823,Camellia japonica,NPO23380,Yuchasaponin A,CHEMBL2087228,25232481,C/C=C(\C)C(=O)O[C@H]1[C@H](OC(=O)/C(C)=C/C)[C@]2(CO)[C@H](O)[C@H](O)[C@]3(C)C(=CC[C@@H]4[C@@]5(C)CC[C@H](O[C@@H]6O[C@H](C(=O)O)[C@@H](O)[C@H](O[C@@H]7O[C@H](CO)[C@H](O)[C@H](O)[C@H]7O[C@@H]7O[C@@H](C)[C@H](O)[C@@H](O)[C@H]7O)[C@H]6O[C@@H]6O[C@H](CO)[C@@H](O)[C@H](O)[C@H]6O)C(C)(C)[C@@H]5CC[C@]43C)[C@@H]2CC1(C)C
105,NPC142405,Eriosema chinense,NPO4010,Lupinifolin,CHEMBL559980,10250777,CC(C)=CCc1c2c(c(O)c3c1O[C@H](c1ccc(O)cc1)CC3=O)C=CC(C)(C)O2
106,NPC25111,Ulva lactuca; Acrostichum aureum,NPO14357,4''-Deoxyterphenyllin,CHEMBL1951870,57345621,COc1cc(-c2ccccc2)c(OC)c(O)c1-c1ccc(O)cc1
107,NPC230507,Solanum virginianum; Flindersia schottiana; Borassus flabellifer; Calophyllum lanigerum; Parkia javanica; Capsicum baccatum; Garcinia latissima; Marchantia polymorpha; Carissa spinarum,NPO19377,ZUMDKMTZYHACBK-HCTICQNOSA-N,CHEMBL395647,44429638,C[C@@H]1CC[C@@]2(OC1)O[C@H]1C[C@H]3[C@@H]4CC=C5C[C@@H](O[C@@H]6O[C@H](CO)[C@@H](O[C@@H]7O[C@@H](C)[C@H](O)[C@@H](O)[C@H]7O)[C@H](O)[C@H]6O)CC[C@]5(C)[C@H]4CC[C@]3(C)[C@H]1[C@@H]2C
108,NPC157478,Aglaia argentea; Erythrina senegalensis; Alstonia spatulata; Sphenoclea zeylanica; Antirrhinum majus,NPO16646,Gentiside E,CHEMBL1254270,14177663,CCCCCCCCCCCCCCCCCCOC(=O)c1cccc(O)c1O
109,NPC47521,Piper attenuatum; Aristolochia zollingeriana; Agrimonia pilosa; Senegalia pennata; Senna siamea; Syzygium aromaticum,NPO2395,SWRFKGRMQVLMKA-JIZJWZDPSA-N,CHEMBL446979,73644,O=C(O[C@@H]1O[C@@H]2COC(=O)c3cc(O)c(O)c(O)c3-c3c(cc(O)c(O)c3O)C(=O)O[C@H]2[C@@H]2OC(=O)c3cc(O)c(O)c(O)c3-c3c(cc(O)c(O)c3O)C(=O)O[C@@H]12)c1cc(O)c(O)c(O)c1
110,NPC177035,Pelargonium zonale; Metzgeria furcata; Geijera salicifolia; Tacca chantrieri,NPO11753,"(3R,5R)-3,5-Dihydroxy-1-(4-Hydroxy-3-Methoxyphenyl)-7-(3,4-Dihydroxyphenyl)Heptane 3-O-Beta-D-Glucopyranoside",CHEMBL518704,11005885,COc1cc(CC[C@H](C[C@H](O)CCc2ccc(O)c(O)c2)O[C@@H]2O[C@H](CO)[C@@H](O)[C@H](O)[C@H]2O)ccc1O
111,NPC280638,Lupinus albus; Salvia chinensis,NPO17683,"5-[5-(4-Hydroxy-Benzyl)-4-(4-Methoxy-Benzyl)-1-Methyl-1H-Imidazol-2-Ylamino]-3-Methyl-Imidazole-2,4-Dione",CHEMBL339727,188306,COc1ccc(Cc2nc(NC3=NC(=O)N(C)C3=O)n(C)c2Cc2ccc(O)cc2)cc1
112,NPC131174,Taraxacum officinale; Taraxacum mongolicum,NPO26785,Taraxacin,CHEMBL449951,5241825,CC1=CC(=O)C2=C(C)CC3OC(=O)C(C)=C3C=C12
113,NPC7569,Aquilaria sinensis; Aquilaria malaccensis; Senecio scandens,NPO6956,6-Hydroxy-2-Phenethyl-Chromen-4-One,CHEMBL358544,5318315,O=c1cc(CCc2ccccc2)oc2ccc(O)cc12
114,NPC290598,Operculina turpethum; Uvaria grandiflora; Hopea jucunda; Macaranga tanarius; Firmiana simplex; Rhodomyrtus tomentosa; Syzygium jambos; Talipariti tiliaceum; Lobelia chinensis; Achyranthes bidentata; Mascarenhasia arborescens; Senna sophera; Kummerowia striata; Camellia sasanqua; Drypetes littoralis; Sida cordifolia; Selaginella pallescens; Ageratina riparia; Lycium chinense; Acacia pruinosa; Melia azedarach; Alstonia boonei; Taxillus chinensis; Syzygium samarangense; Iodes cirrhosa; Manihot esculenta; Durio zibethinus; Ficus carica; Bischofia javanica; Lactuca indica; Morinda coreia; Codium dwarkense; Diplazium esculentum; Conium maculatum; Cucurbita moschata; Ocimum gratissimum; Glochidion philippicum; Ceriops decandra; Archidendron ellipticum; Solanum spirale; Tabernaemontana divaricata; Taraxacum officinale; Micromelum minutum; Garcinia lateriflora; Melaleuca decora; Abrus precatorius; Eragrostis viscosa; Nauclea officinalis; Mangifera indica; Rhinacanthus nasutus; Vitex pinnata; Elaeocarpus fuscoides; Hortonia floribunda; Allium neapolitanum; Adiantum caudatum; Cycas revoluta; Solanum sisymbriifolium; Croton caudatus; Typha domingensis; Oxera splendida; Malus sylvestris; Salacia chinensis; Ixora chinensis; Cratoxylum maingayi; Capsicum chinense; Neolamarckia cadamba; Merremia umbellata,NPO18873.1,Beta-Amyrin,CHEMBL455098,73145,CC1(C)CC[C@]2(C)CC[C@]3(C)C(=CC[C@@H]4[C@@]5(C)CC[C@H](O)C(C)(C)[C@@H]5CC[C@]43C)[C@@H]2C1
115,NPC42776,Crotalaria laburnifolia,NPO21139,SALXTEMFWBBTBS-YPDCMUIKSA-N,CHEMBL3093769,72947454,C=C1[C@@H]2C=C[C@@H]3[C@](C2)(C(=O)O[C@H]2CCC(C)(C)[C@H]4[C@H](O)OC[C@@]243)[C@@H]1O
116,NPC288759,Citrus reticulata; Murraya paniculata; Glycosmis cochinchinensis,NPO2715,Des-N-Methylnoracronycine,CHEMBL454569,5479541,CC1(C)C=Cc2c(cc(O)c3c(=O)c4ccccc4[nH]c23)O1
117,NPC18449,Orophea enneandra; Magnolia denudata; Magnolia sprengeri; Acorus calamus,NPO15064,Eudesmine,CHEMBL523743,325601,COc1ccc([C@@H]2OC[C@@H]3[C@H]2CO[C@H]3c2ccc(OC)c(OC)c2)cc1OC
118,NPC471420,Suregada glomerulata,NPO25280,N-Butyl-7-O-Beta-D-Glucopyranosyl-Alpha-Homonojirimycin,CHEMBL2442256,72204018,CCCCN1[C@H](CO[C@@H]2O[C@H](CO)[C@@H](O)[C@H](O)[C@H]2O)[C@H](O)[C@@H](O)[C@H](O)[C@H]1CO
119,NPC174049,Pericampylus glaucus,NPO1525,Imerubrine,CHEMBL155844,n.a.,COc1c(OC)c2c3c(nccc3c1OC)-c1cc(O)ccc1-2
120,NPC229600,Viscum articulatum,NPO14062,Visartiside E,CHEMBL1082561,46184806,O=C(/C=C/c1ccccc1)OC[C@@]1(O)CO[C@@H](O[C@@H]2[C@@H](O)[C@H](OCc3ccccc3)O[C@H](CO)[C@H]2O)[C@@H]1O
121,NPC10316,Chromolaena odorata; Bidens pilosa; Drosera indica; Psilotum nudum; Uncaria sterrophylla; Boenninghausenia albiflora; Cibotium barometz; Aglaia odorata,NPO25190,"Ethyl (9Z,12Z,15Z)-Octadeca-9,12,15-Trienoate",CHEMBL2005772,5367460,CC/C=C\C/C=C\C/C=C\CCCCCCCC(=O)OCC
122,NPC11089,Dipterocarpus dyeri; Ipomoea cairica; Fragaria vesca; Lasianthus fordii; Gardenia tubifera; Perilla frutescens,NPO12509,Perilloxin,CHEMBL522898,10468570,COc1cc2c(c3c1C=COC=C3)O[C@@H](C(C)(C)O)C2
123,NPC2771,Cullen corylifolium,NPO28809,4'-Methoxyflavone,CHEMBL16312,77793,COc1ccc(-c2cc(=O)c3ccccc3o2)cc1
124,NPC121812,Muntingia calabura,NPO8046,"(2S)-8-Hydroxy-7,3',4',5'-Tetramethoxyflavan",CHEMBL459242,44567048,COc1ccc2c(c1O)O[C@H](c1cc(OC)c(OC)c(OC)c1)CC2
125,NPC472113,Alstonia angustifolia,NPO28762,QSZUAXIGOGUBNW-BIGGFVEDSA-N,CHEMBL3338236,n.a.,CC1=C(C=O)[C@@H]2C[C@H]3c4[nH]c5ccccc5c4C[C@@H]([C@@H]2CO1)N3C
126,NPC2982,Zingiber officinale,NPO20553,"1-(4-Tert-Butyl-2,6-Dimethyl-3,5-Dinitrophenyl)Ethanone",CHEMBL1877463,6669,CC(=O)c1c(C)c([N+](=O)[O-])c(C(C)(C)C)c([N+](=O)[O-])c1C
127,NPC237649,Indigofera suffruticosa,NPO23820,3-(3-Oxo-1H-Indol-2-Ylidene)-1H-Indol-2-One,CHEMBL3185783,5380743,O=C1Nc2ccccc2C1=C1Nc2ccccc2C1=O
128,NPC260491,Ipomoea digitata; Trifolium hybridum; Baeckea frutescens; Trachelospermum jasminoides; Chenopodium quinoa; Goniothalamus malayanus; Microglossa pyrifolia; Harpullia cupanioides; Rhododendron mucronatum; Youngia japonica; Balanophora polyandra; Trachelospermum asiaticum; Citrus medica; Dumortiera hirsuta; Vitis vinifera; Tadehagi triquetrum; Thymus vulgaris; Dioscorea polystachya; Smilax china; Persicaria orientalis; Morus alba; Eragrostis viscosa; Nauclea officinalis; Mangifera indica; Prunus amygdalus; Knema globularia; Chenopodiastrum murale; Persicaria perfoliata; Premna odorata; Rauvolfia vomitoria; Gnetum latifolium,NPO16731,"(2R,3S)-2-(3,4-Dihydroxyphenyl)-3,5,7-Trihydroxy-2,3-Dihydrochromen-4-One",CHEMBL221328,712318,O=C1c2c(O)cc(O)cc2O[C@H](c2ccc(O)c(O)c2)[C@@H]1O
129,NPC303519,Stephania japonica,NPO22886,Steganacin,CHEMBL357525,44367762,COc1cc2c(c(OC)c1OC)-c1cc3c(cc1[C@@H](OC(C)=O)C1COC(=O)[C@H]1C2)OCO3
130,NPC254700,Ziziphus mauritiana; Ziziphus jujuba,NPO5986,Mauritine A,CHEMBL1927951,11353668,CC(C)[C@H](NC(=O)[C@H](C)N(C)C)C(=O)N1CC[C@@H]2Oc3ccc(cc3)/C=C\NC(=O)[C@H](Cc3ccccc3)NC(=O)[C@H]21
131,NPC184302,Crinum latifolium; Bauhinia purpurea,NPO5635,Bauhinol E,CHEMBL390766,16680048,COc1cc(CCc2ccccc2O)cc(O)c1C
132,NPC86257,Bruguiera cylindrica,NPO10036,3-Alpha-Z-Coumaroyltaraxerol,CHEMBL452896,10076796,CC1(C)CC[C@]2(C)CC=C3[C@]4(C)CC[C@H]5C(C)(C)[C@H](OC(=O)/C=C\c6ccc(O)cc6)CC[C@]5(C)[C@H]4CC[C@@]3(C)[C@@H]2C1
133,NPC285078,Capsicum annuum,NPO16501,Octadecanoic Acid 4-Hydroxy-3-Methoxy-Benzylamide,CHEMBL78533,3024455,CCCCCCCCCCCCCCCCCC(=O)NCc1ccc(O)c(OC)c1
134,NPC92659,Prunus persica,NPO28877,Skullcapflavone Ii,CHEMBL465561,124211,COc1cccc(O)c1-c1cc(=O)c2c(O)c(OC)c(OC)c(OC)c2o1
135,NPC326592,Oryza sativa,NPO30786,"5,7-Dihydroxy-2-(4-Hydroxyphenyl)-6-[3,4,5-Trihydroxy-6-(Hydroxymethyl)Oxan-2-Yl]-8-(3,4,5-Trihydroxyoxan-2-Yl)Chromen-4-One",CHEMBL1537012,3550102,O=c1cc(-c2ccc(O)cc2)oc2c(C3OCC(O)C(O)C3O)c(O)c(C3OC(CO)C(O)C(O)C3O)c(O)c12
136,NPC6095,Salvia hispanica; Carthamus tinctorius; Arachis hypogaea; Raphanus sativus; Glycine max,NPO7635,"(11Z,14Z)-Icosa-11,14-Dienoic Acid",CHEMBL464983,6439848,CCCCC/C=C\C/C=C\CCCCCCCCCC(=O)O
137,NPC10121,Ipomoea pes-caprae,NPO23352,Pescaprein Xxi,CHEMBL1773738,52952206,CCCCCCCCCCCC(=O)O[C@H]1[C@H](O[C@@H]2[C@H]3OC(=O)CCCCCCCCC[C@H](CCCCC)O[C@@H]4O[C@H](C)[C@H](O)[C@H](O)[C@H]4O[C@H](O[C@H]2C)[C@@H]3O)O[C@@H](C)[C@H](O[C@@H]2O[C@@H](C)[C@H](OC(=O)[C@@H](C)CC)[C@@H](O)[C@H]2OC(=O)/C=C/c2ccccc2)[C@H]1O[C@@H]1O[C@@H](C)[C@H](O)[C@@H](O)[C@H]1O
138,NPC190461,Zingiber officinale,NPO12721,RZUHGAKUNBFQJS-UHFFFAOYSA-N,CHEMBL1412163,398788,COc1cc2cc3c4c(cc(OC)c(OC)c4c2cc1OC)CCN3C
139,NPC25666,Buxus wallichiana,NPO21629,Monascin,CHEMBL1215463,12118082,C/C=C/C1=CC2=C(CO1)C(=O)[C@]1(C)OC(=O)[C@H](C(=O)CCCCC)[C@H]1C2
140,NPC100099,Soymida febrifuga; Crinum asiaticum,NPO11000,(S)-4-(7-Methoxychroman-2-Yl)Phenol,CHEMBL1080979,185609,COc1ccc2c(c1)O[C@H](c1ccc(O)cc1)CC2
141,NPC44899,Nerium oleander; Plantago lanceolata; Cytisus scoparius; Toxicodendron succedaneum; Isodon japonicus,NPO6776,"3Beta-O-(Beta-D-Sarmentosyl)-16Beta-Acetoxy-14-Hydroxy-5Beta,14Beta-Card-20-(22)-Enolide",CHEMBL413068,44425149,CO[C@H]1C[C@H](O[C@H]2CC[C@@]3(C)[C@H](CC[C@@H]4[C@@H]3CC[C@]3(C)[C@@H](C5=CC(=O)OC5)[C@@H](OC(C)=O)C[C@]43O)C2)O[C@H](C)[C@@H]1O
142,NPC202260,Harrisonia perforata,NPO21362,(+)-Vouacapenic Acid,CHEMBL2398518,73350581,C[C@H]1c2ccoc2C[C@H]2[C@H]1CC[C@@H]1[C@]2(C)CCC[C@]1(C)C(=O)O
143,NPC186807,Lantana camara,NPO1859,Linaroside,CHEMBL496233,11972339,COc1ccc(-c2cc(=O)c3c(O)c(OC)c(O[C@@H]4O[C@H](CO)[C@@H](O)[C@H](O)[C@H]4O)cc3o2)cc1
144,NPC150531,Rivina humilis; Phalaris canariensis; Payena lucida; Pteridium aquilinum; Samadera indica; Artemisia lactiflora,NPO2551,Ecdysone,CHEMBL549300,19212,C[C@H]([C@H](O)CCC(C)(C)O)[C@H]1CC[C@@]2(O)C3=CC(=O)[C@@H]4C[C@@H](O)[C@@H](O)C[C@]4(C)[C@H]3CC[C@]12C
145,NPC79241,Zingiber officinale; Curcuma longa,NPO29016,Xanthorrizol,CHEMBL460033,93135,CC(C)=CCC[C@@H](C)c1ccc(C)c(O)c1
146,NPC295389,Ficus carica,NPO33450,6-O-Palmitoyl-Beta-D-Glucosyl-Beta-Sitosterol,CHEMBL499385,44593507,CCCCCCCCCCCCCCCC(=O)OC[C@H]1O[C@@H](O[C@H]2CC[C@@]3(C)C(=CC[C@H]4[C@@H]5CC[C@H]([C@H](C)CC[C@H](CC)C(C)C)[C@@]5(C)CC[C@@H]43)C2)[C@H](O)[C@@H](O)[C@@H]1O
147,NPC476229,Garcinia hanburyi,NPO13310,VFBTVWAAPNXXAP-NVRXUDDSSA-N,CHEMBL556736,45268014,CO[C@]12C=C3C(=O)c4c(O)c5c(c(CC=C(C)C)c4O[C@@]34[C@@H](C1)C(C)(C)O[C@@]4(C/C=C(/C)C(=O)O)C2=O)O[C@](C)(CCC=C(C)C)C=C5
148,NPC43304,Rumohra adiantiformis,NPO6329,Gnidilatidin,CHEMBL504425,5358691,C=C(C)[C@@]12O[C@@]3(/C=C/C=C/CCCCC)O[C@@H]1[C@@H]1[C@@H]4O[C@]4(CO)[C@@H](O)[C@]4(O)C(=O)C(C)=C[C@H]4[C@@]1(O3)[C@H](C)[C@H]2OC(=O)c1ccccc1
149,NPC295832,Taraxacum officinale; Taraxacum mongolicum,NPO23327,Levocarnitine,CHEMBL1149,10917,C[N+](C)(C)C[C@H](O)CC(=O)[O-]
150,NPC184512,Casearia grewiifolia,NPO31460,Caseargrewins I,CHEMBL398225,16756888,C=C/C(C)=C\C[C@]1(C)[C@H](C)C[C@H](O)[C@@]23C(=C[C@H](OC(=O)CCCCC)C[C@@H]12)[C@@H](OC(C)=O)O[C@H]3OC(C)=O
151,NPC195202,Pandanus tectorius; Aegialitis annulata; Kopsia lapidilecta; Laurencia mariannensis; Clausena indica; Litsea monopetala; Pinus halepensis; Bonellia macrocarpa; Sarcococca saligna; Garcinia gaudichaudii; Pogostemon cablin; Hippocrepis emerus,NPO22717,"7,3',4'-Tri-O-Methylluteolin",CHEMBL468876,5272653,COc1cc(O)c2c(=O)cc(-c3ccc(OC)c(OC)c3)oc2c1
152,NPC89442,Eragrostis viscosa; Nauclea officinalis; Mangifera indica,NPO4055,Foliamangiferoside A,CHEMBL3233507,46206548,COc1cc(O)c(C(=O)c2ccc(O)cc2)c(O)c1[C@@H]1O[C@H](CO)[C@@H](O)[C@H](O)[C@H]1O
153,NPC471414,Vitex rotundifolia,NPO15454,"(7S,8R)-9'-Methoxydihydroconiferyl Alcohol",CHEMBL2436612,72375239,COc1cc([C@H]2Oc3c(OC)cc(/C=C/C(O)OC)cc3[C@@H]2CO)ccc1O
154,NPC429928,Broussonetia papyrifera,NPO5495,"5,7-Dihydrocoumarin",CHEMBL465435,3964390,O=c1ccc2c(o1)CCCC2
155,NPC41121,Ficus nervosa; Drymaria cordata,NPO19583,Kaempferol-3-O-Rhamnoside,CHEMBL515798,5318763,C[C@H]1O[C@H](Oc2c(-c3ccc(O)cc3)oc3cc(O)cc(O)c3c2=O)[C@@H](O)[C@@H](O)[C@@H]1O
156,NPC77000,Hydrolithon reinboldii; Vicia sativa,NPO13164,Cryptotanshinone,CHEMBL187460,160254,C[C@H]1COC2=C1C(=O)C(=O)c1c2ccc2c1CCCC2(C)C
157,NPC237435,Prunus persica; Rheum officinale; Rheum palmatum; Oroxylum indicum; Chrysanthemum morifolium; Portulaca oleracea,NPO7632,Baicalin,CHEMBL485818,64982,O=C(O)[C@H]1O[C@@H](Oc2cc3oc(-c4ccccc4)cc(=O)c3c(O)c2O)[C@H](O)[C@@H](O)[C@@H]1O
158,NPC305912,Gossypium herbaceum,NPO27472,Bis(2-Ethylhexyl) Phthalate,CHEMBL1242017,8343,CCCCC(CC)COC(=O)c1ccccc1C(=O)OCC(CC)CCCC
159,NPC14600,Lycium chinense,NPO17823,Trans-N-Feruloyloctopamine,CHEMBL2036084,70681748,COc1ccc(/C=C/C(=O)NCC(O)c2ccc(O)cc2)cc1O
160,NPC471856,Dichapetalum gelonioides,NPO9878,FGPLCBKMJPRSOY-DBKNPJPYSA-N,CHEMBL3261934,90676169,C[C@]1(OC(=O)O)CO[C@@]2(C[C@@H]([C@@H]3CC[C@]45C[C@]34C=C[C@@H]3[C@@]4(C)CC=C6C[C@@H](c7ccccc7)OC[C@]6(C)[C@@H]4CC(=O)[C@]35C)C(=O)O2)C1
161,NPC169575,Chamaemelum nobile; Citrus reticulata; Citrus japonica; Citrus aurantium,NPO19127,Nobilin,CHEMBL2380798,11953937,C=C1C(=O)O[C@@H]2/C=C(/C)[C@@H](O)C/C=C(\C)C[C@H](OC(=O)/C(C)=C\C)[C@@H]12
162,NPC44245,Pandanus tectorius; Aegialitis annulata; Litsea monopetala; Bonellia macrocarpa; Sarcococca saligna; Garcinia gaudichaudii,NPO28066,Peperomin C,CHEMBL224381,10917283,COc1cc(C(c2cc(OC)c(OC)c(OC)c2)[C@@H]2COC(=O)[C@H]2C)cc(OC)c1OC
163,NPC201889,Senecio scandens,NPO7123,Retrorsine,CHEMBL520570,5281756,C/C=C1\C[C@@H](C)[C@](O)(CO)C(=O)OCC2=CCN3CC[C@@H](OC1=O)[C@@H]23
164,NPC472851,Callicarpa macrophylla,NPO13153,NVIRVAAOVXZOTN-LUGRNRNJSA-N,CHEMBL3590334,n.a.,CC(C)[C@@]12C=C3[C@@H](O)C[C@@H]4[C@@](C)(C(=O)O)CCC[C@@]4(C)[C@]3(CC1)OO2
165,NPC232880,Centella asiatica; Capsicum annuum,NPO33548,1-O-Caffeoyl-Beta-D-Glucopyranoside,CHEMBL482242,5281761,O=C(/C=C/c1ccc(O)c(O)c1)O[C@@H]1O[C@H](CO)[C@@H](O)[C@H](O)[C@H]1O
166,NPC246519,Zanthoxylum bungeanum; Litsea glutinosa,NPO2999,"(2E,4E,8Z,11Z)-2'-Hydroxy-N-Isobutyl-2,4,8,11-Tetradecatetraenamide",CHEMBL469922,14135319,CC/C=C\C/C=C\CC/C=C/C=C/C(=O)NCC(C)(C)O
167,NPC471007,Chisocheton ceramicus,NPO5587,LZBMDSMLVLGIEW-JRQJDMHFSA-N,CHEMBL2335039,71720054,C[C@@]12CCC(O)[C@@]3(C)[C@H]1[C@@H](OC2)[C@@H](O)[C@@]1(C)C2=CC[C@@H](c4ccoc4)[C@]2(C)CC[C@@H]13
168,NPC311389,Aristolochia zollingeriana; Excoecaria agallocha; Senna siamea,NPO14200,LKIUIJRRMWFBBL-BVDVGXJCSA-N,CHEMBL1939392,14284664,O=C(O[C@@H]1O[C@@H]2COC(=O)c3cc(O)c(O)c(O)c3-c3c(cc(O)c(O)c3O)C(=O)O[C@@H]([C@@H]2O)[C@H]1OC(=O)c1cc(O)c(O)c(O)c1)c1cc(O)c(O)c(O)c1
169,NPC312003,Curcuma phaeocaulis; Curcuma zedoaria,NPO2618,1-Acetyloxyethyl Acetate,CHEMBL3187663,222536,CC(=O)OC(C)OC(C)=O
170,NPC107919,Garcinia schomburgkiana,NPO40656,Aphidicolin,CHEMBL29711,457964,C[C@@]1(CO)[C@H](O)CC[C@@]2(C)[C@H]1CC[C@H]1C[C@@H]3C[C@@]12CC[C@]3(O)CO
171,NPC34245,Clerodendrum indicum; Kaempferia galanga; Plumbago auriculata,NPO18117,3'-Hydroxymelanettin,CHEMBL2397756,5318262,COc1cc2oc(=O)cc(-c3ccc(O)c(O)c3)c2cc1O
172,NPC313163,Ipomoea muricata; Salvia hispanica; Styrax agrestis; Justicia adhatoda; Dalbergia sissoo; Ocimum basilicum; Magnolia coco; Erechtites hieraciifolius; Rosulabryum capillare; Macadamia ternifolia; Murraya paniculata; Desmodium styracifolium; Pistia stratiotes; Syzygium nervosum; Pterocarpus indicus; Glycine max; Hibiscus schizopetalus; Flemingia macrophylla; Kaempferia rotunda,NPO26606,Genistin,CHEMBL486625,5281377,O=c1c(-c2ccc(O)cc2)coc2cc(O[C@@H]3O[C@H](CO)[C@@H](O)[C@H](O)[C@H]3O)cc(O)c12
173,NPC71686,Ipomoea digitata; Shorea hemsleyana; Phyllanthus acidus; Goniothalamus malayanus; Dumortiera hirsuta; Vitis vinifera; Garcinia bancana; Premna odorata; Rauvolfia vomitoria; Gnetum latifolium,NPO16611,KUTVNHOAKHJJFL-ZSIJVUTGSA-N,CHEMBL443463,196402,Oc1ccc([C@H]2Oc3cc(O)cc4c3[C@@H]2c2cc(O)cc3c2[C@@H](c2cc(O)cc5c2[C@@H]4[C@H](c2ccc(O)cc2)O5)[C@H](c2ccc(O)cc2)O3)cc1
174,NPC110072,Gardenia jasminoides,NPO9518,Crocin,CHEMBL446785,5281233,CC(/C=C/C=C(\C)C(=O)O[C@@H]1O[C@H](CO[C@@H]2O[C@H](CO)[C@@H](O)[C@H](O)[C@H]2O)[C@@H](O)[C@H](O)[C@H]1O)=C\C=C\C=C(C)\C=C\C=C(/C)C(=O)O[C@@H]1O[C@H](CO[C@@H]2O[C@H](CO)[C@@H](O)[C@H](O)[C@H]2O)[C@@H](O)[C@H](O)[C@H]1O
175,NPC182257,Crinum asiaticum,NPO6123,Narciclasine,CHEMBL98745,72376,O=C1N[C@@H]2C(=C[C@H](O)[C@@H](O)[C@H]2O)c2cc3c(c(O)c21)OCO3
176,NPC254482,Vitex rotundifolia; Brassica juncea; Helianthus annuus; Glycine max; Sinapis alba; Triticum aestivum; Citrullus lanatus,NPO7635,(R)-Cysteine,CHEMBL863,5862;6419722,N[C@@H](CS)C(=O)O
177,NPC254698,Capparis spinosa,NPO4554,Isatin,CHEMBL326294,7054,O=C1Nc2ccccc2C1=O
178,NPC120426,Asplenium normale; Trifolium alexandrinum; Dodonaea viscosa; Solanum jamaicense; Ceratophyllum submersum; Brucea javanica; Byrsonima crassifolia; Clitoria ternatea; Diospyros siamang; Xanthium strumarium; Hymenocallis littoralis; Hibiscus syriacus; Duranta erecta; Castanea crenata,NPO16092,Cleomiscosin A,CHEMBL510091,442510,COc1cc([C@H]2Oc3c(OC)cc4ccc(=O)oc4c3O[C@@H]2CO)ccc1O
179,NPC279241,Daphnandra apatela; Helianthus annuus,NPO13162,Kaurenoic Acid Methyl Ester,CHEMBL485999,5742847,C=C1C[C@@]23CC[C@H]4[C@@](C)(CCC[C@@]4(C)C(=O)OC)[C@@H]2CC[C@@H]1C3
180,NPC61382,Dichrostachys cinerea,NPO15669,Dichrostachine L,CHEMBL1077624,44557282,C=C1C(=O)C[C@H]2C(C)(C)CCC[C@]2(C)[C@H]1C[C@@H]1C(C)=CC[C@H]2C(=O)C(OC)=CC(=O)[C@@]12c1cc(=O)c2c(O)cc(O)cc2o1
181,NPC472375,Taxus wallichiana,NPO23720,XGWGQEYABFGJID-UVDBIDMBSA-N,CHEMBL3397058,15222314,CCCCCC(=O)N[C@@H](c1ccccc1)[C@@H](O)C(=O)O[C@H]1C[C@@]2(O)[C@@H](OC(=O)c3ccccc3)[C@@H]3[C@]4(OC(C)=O)CO[C@@H]4C[C@H](O[C@@H]4OC[C@@H](O)[C@H](O)[C@H]4O)[C@@]3(C)C(=O)[C@H](O)C(=C1C)C2(C)C
182,NPC75389,Halimeda macroloba; Buxus sempervirens; Vicia villosa,NPO33241,Bufotalin,CHEMBL463064,12302120,CC(=O)O[C@H]1C[C@]2(O)[C@@H]3CC[C@@H]4C[C@@H](O)CC[C@]4(C)[C@H]3CC[C@]2(C)[C@H]1c1ccc(=O)oc1
183,NPC157781,Pteris dispar; Lonicera japonica; Citrus medica; Daucus carota; Agrimonia pilosa; Curcuma phaeocaulis; Zingiber officinale; Chrysanthemum indicum; Curcuma longa; Acorus calamus; Murraya paniculata; Piper nigrum; Citrus aurantium; Cinnamomum aromaticum,NPO18007,Alpha-Bisabolol,CHEMBL1096927,442343,CC(C)=CCC[C@](C)(O)[C@@H]1CC=C(C)CC1
184,NPC206525,Syzygium aromaticum,NPO11893,Cirrhopetalanthrin,CHEMBL369741,442695,COc1cc(O)c(-c2c(O)cc(OC)c3c2ccc2cc(O)ccc23)c2c1-c1ccc(O)cc1CC2
185,NPC232225,Cucurbita pepo,NPO3938,Dielsiquinone,CHEMBL479282,10445779,COc1c(C)c2c([nH]c1=O)C(=O)c1ccccc1C2=O
186,NPC261158,Frullania brasiliensis; Piper retrofractum,NPO43,"N-Isobutyl-(2E,4E,14Z)-Eicosatrienamide",CHEMBL256216,10338645,CCCCC/C=C\CCCCCCCC/C=C/C=C/C(=O)NCC(C)C
187,NPC293136,Annona squamosa,NPO2884,Squamostatin-D,CHEMBL448616,44591855,CCCCCCCCCC[C@H](O)[C@@H]1CC[C@@H]([C@H](O)CC[C@@H](O)[C@@H]2CC[C@@H](CCCCCCCCCC3=C[C@@H](C)OC3=O)O2)O1
188,NPC255675,Rumex obtusifolius; Piper retrofractum; Epipactis palustris,NPO8843,QGFJORGLNPWXMK-MRVPVSSYSA-N,CHEMBL3326612,n.a.,COc1cc(C[C@@H](O)CO)ccc1O
189,NPC36927,Suregada glomerulata,NPO25280,7-O-B-D-Glucopyranosyl-A-Homonojirimycin,CHEMBL478209,457676,OC[C@H]1N[C@H](CO[C@@H]2O[C@H](CO)[C@@H](O)[C@H](O)[C@H]2O)[C@H](O)[C@@H](O)[C@@H]1O
190,NPC269684,Aglaia foveolata,NPO8087,NNNRTJSRGAXLIH-MTSNUVQISA-N,CHEMBL1651032,50901039,CC(C)(O)[C@@H]1CC[C@@]2(O)CC[C@]3(C)[C@H](CC[C@@H]4[C@@]5(C)CCC(=O)C(C)(C)[C@H]5CC[C@]43C)[C@H]2O1
191,NPC31930,Rubia cordifolia,NPO827,Dehydrocorydaline,CHEMBL1917176,34781,COc1cc2c(cc1OC)-c1c(C)c3ccc(OC)c(OC)c3c[n+]1CC2
192,NPC146376,Lantana camara,NPO2781,"2-Hydroxy-5-Methoxy-3-Octadecylcyclohexa-2,5-Diene-1,4-Dione",CHEMBL1975424,127797,CCCCCCCCCCCCCCCCCCC1=C(O)C(=O)C=C(OC)C1=O
193,NPC134969,Marchantia polymorpha,NPO33513,Thunberginol A,CHEMBL68810,5321948,O=c1oc(-c2ccc(O)c(O)c2)cc2cccc(O)c12
194,NPC173295,Chromolaena odorata; Kaempferia pulchra; Drosera peltata; Dipterocarpus alatus; Citrus reticulata; Bursaria spinosa; Citrus maxima; Sesbania punicea; Securidaca inappendiculata,NPO25623,2-Methylaminobenzoic Acid Methyl Ester,CHEMBL1409791,6826,CNc1ccccc1C(=O)OC
195,NPC11130,Pteris multifida,NPO25743,Cassipourol,CHEMBL482226,11500301,C/C(=C\CO)CCCC(C)CC[C@H]1[C@@H](C)CCCC1(C)C
196,NPC241025,Talipariti tiliaceum; Morinda coreia; Conium maculatum; Solanum spirale; Hortonia floribunda,NPO26690,Pyrrolezanthine,CHEMBL3357678,636825,O=Cc1ccc(CO)n1CCc1ccc(O)cc1
197,NPC52831,Allium sativum,NPO20338,Pyridoxal,CHEMBL102970,1050,Cc1ncc(CO)c(C=O)c1O
198,NPC77955,Primula veris,NPO40877,"3',4'-Dimethoxyflavone",CHEMBL91153,688674,COc1ccc(-c2cc(=O)c3ccccc3o2)cc1OC
199,NPC257763,Zea mays,NPO15810,4-Acetyl-2-Benzoxazolinone,CHEMBL1075970,9989779,CC(=O)c1cccc2oc(=O)[nH]c12
