,np_id,species_list,org_id,pref_name,molecule_chembl_id,pubchem_cid,smiles,molecular_weight,n_hba,n_hbd,logp,ro5_fulfilled
0,NPC100079,Artabotrys maingayi; Chelidonium majus; Talipariti tiliaceum; Macleaya cordata; Nicotiana plumbaginifolia; Garcinia xanthochymus; Senna spectabilis; Morinda coreia; Diospyros ebenum; Conium maculatum; Solanum spirale; Argemone mexicana; Hortonia floribunda; Zanthoxylum bungeanum; Broussonetia papyrifera; Zanthoxylum nitidum,NPO13313,Chelerythrine,CHEMBL13045,2703,COc1ccc2c(c[n+](C)c3c4cc5c(cc4ccc23)OCO5)c1OC,348.1230344760899,4,0,3.7166000000000032,True
1,NPC110969,Cullen corylifolium,NPO30150,Bavachinin,CHEMBL458053,44584224,COc1cc2oc(-c3ccc(O)cc3)cc(=O)c2cc1CC=C(C)C,336.13615912,4,1,4.682900000000003,True
2,NPC116775,Myrsine capitellata; Equisetum hyemale; Afrocarpus falcatus; Tropaeolum majus; Ixeris chinensis; Centaurea solstitialis; Peganum harmala; Capparis spinosa; Allium tuberosum; Moringa oleifera; Brassica rapa; Alangium longiflorum; Centella asiatica; Impatiens balsamina; Rivina humilis; Nephelium lappaceum; Alstonia muelleriana; Garcinia macrophylla; Corchorus olitorius; Chenopodium quinoa; Phalaris canariensis; Nasturtium officinale; Carum carvi; Diospyros eriantha; Cyrtomium falcatum; Persicaria glabra; Payena lucida; Pteridium aquilinum; Salvia hispanica; Cucumis melo; Caulerpa serrulata; Aristolochia zollingeriana; Rhododendron mucronatum; Houttuynia cordata; Gouania microcarpa; Prunus persica; Lonicera japonica; Glochidion sphaerogynum; Lepidium sativum; Mitragyna speciosa; Hunteria zeylanica; Scolopia chinensis; Rhodiola rosea; Daucus carota; Pyrrosia lingua; Alphitonia macrocarpa; Capsicum annuum; Glinus lotoides; Vitis vinifera; Agrimonia pilosa; Rosa chinensis; Carthamus tinctorius; Atalantia racemosa; Canella winterana; Salacia elliptica; Croton cascarilloides; Melia azedarach; Erythrospermum zeylanicum; Thymus vulgaris; Zingiber officinale; Psychotria serpens; Ipomoea aquatica; Pseudognaphalium affine; Phyllanthus urinaria; Vigna unguiculata; Dichotomaria marginata; Punica granatum; Anethum graveolens; Tarenaya spinosa; Solanum nigrum; Allium ampeloprasum; Allium schoenoprasum; Chrysanthemum indicum; Colocasia esculenta; Bombax ceiba; Indigofera spicata; Kaempferia galanga; Urtica dioica; Allium cepa; Vicia faba; Clausena lansium; Solanum aculeatissimum; Rosulabryum capillare; Eugenia uniflora; Osmanthus heterophyllus; Diplopterygium glaucum; Targionia hypophylla; Cibotium barometz; Magnolia sprengeri; Cucurbita moschata; Beta vulgaris; Smilax china; Albertisia papuana; Senna siamea; Persicaria orientalis; Tephrosia pumila; Diphasiastrum thyoides; Ophiorrhiza blumeana; Walsura tubulata; Tephrosia vogelii; Annona muricata; Isodon japonicus; Euphorbia hirta; Frullania tamarisci; Macadamia ternifolia; Apium graveolens; Vigna radiata; Murraya paniculata; Carica papaya; Citrus maxima; Crinum latifolium; Morus alba; Foeniculum vulgare; Ipomoea batatas; Oroxylum indicum; Cuscuta australis; Radermachera xylocarpa; Eragrostis viscosa; Nauclea officinalis; Brassica juncea; Persicaria hydropiper; Euonymus alatus; Crescentia cujete; Sarcandra glabra; Mangifera indica; Pogostemon cablin; Urena lobata; Samadera indica; Spinulum annotinum; Solanum lycopersicum; Citrus limon; Desmodium styracifolium; Zingiber spectabile; Pteris dactylina; Nelumbo nucifera; Sinningia cardinalis; Syzygium aromaticum; Dicranopteris linearis; Morinda citrifolia; Solanum tuberosum; Erigeron annuus; Fagraea gracilipes; Croton nitens; Portulaca oleracea; Syzygium nervosum; Phaseolus vulgaris; Dipteryx odorata; Phegopteris connectilis; Glycine tomentella; Myristica fragrans; Bauhinia purpurea; Bauhinia glauca; Etlingera elatior; Petroselinum crispum; Limnocharis flava; Cocos nucifera; Jasminum multiflorum; Amaranthus hypochondriacus; Ixora coccinea; Canarium strictum; Allium sativum; Helicteres angustifolia; Brassica napus; Citrus aurantium; Eucalyptus resinifera; Cucumis sativus; Raphanus sativus; Brassica oleracea; Glycine max; Solanum melongena; Debregeasia orientalis; Sinapis alba; Asparagus officinalis; Artocarpus altilis; Camellia sinensis; Porophyllum ruderale; Artemisia lactiflora; Kaempferia rotunda; Pteris semipinnata; Citrullus lanatus; Catunaregam spinosa; Pyrostegia venusta; Typha angustifolia; Indigofera linnaei,NPO2838,Kaempferol,CHEMBL150,5280863,O=c1c(O)c(-c2ccc(O)cc2)oc2cc(O)cc(O)c12,286.04773804,6,4,2.2824000000000004,True
3,NPC117572,Hydnocarpus annamensis; Phoenix paludosa; Plantago major; Arachis hypogaea; Citrus reticulata; Sorghum bicolor; Syzygium aromaticum; Solanum tuberosum; Helianthus annuus; Portulaca oleracea; Brassica oleracea; Glycine max,NPO12323,Icosapent,CHEMBL460026,446284,CC/C=C\C/C=C\C/C=C\C/C=C\C/C=C\CCCC(=O)O,302.2245802,1,1,5.9927000000000055,True
4,NPC125062,Callicarpa japonica; Avrainvillea longicaulis; Brassica rapa; Dodonaea viscosa; Aristolochia zollingeriana; Lepidium sativum; Zea mays; Bryum argenteum; Daucus carota; Capsicum annuum; Entada phaseoloides; Jackiella javanica; Pangium edule; Anethum graveolens; Magnolia montana; Exallage auricularia; Allium schoenoprasum; Chrysanthemum indicum; Colocasia esculenta; Sterculia foetida; Allium cepa; Diplopterygium glaucum; Targionia hypophylla; Senna siamea; Diphasiastrum thyoides; Annona muricata; Euphorbia hirta; Gmelina asiatica; Virola surinamensis; Vigna mungo; Morus alba; Foeniculum vulgare; Phyllanthus emblica; Cuscuta australis; Solanum lycopersicum; Desmodium styracifolium; Nelumbo nucifera; Portulaca oleracea; Phaseolus vulgaris; Oenanthe javanica; Myristica fragrans; Bauhinia glauca; Petroselinum crispum; Limnocharis flava; Amaranthus hypochondriacus; Allium sativum; Helicteres angustifolia; Eucalyptus resinifera; Cucumis sativus; Brassica oleracea; Solanum melongena; Sinapis alba; Typha angustifolia,NPO4640,Isorhamnetin,CHEMBL379064,5281654,COc1cc(-c2oc3cc(O)cc(O)c3c(=O)c2O)ccc1O,316.058302724,7,4,2.291000000000001,True
5,NPC149184,Eria linearifolia; Allium tuberosum; Moringa oleifera; Nephelium lappaceum; Castanea mollissima; Garcinia macrophylla; Solanum dulcamara; Salvia hispanica; Elaeis guineensis; Gouania microcarpa; Gossypium barbadense; Morus cathayana; Chromolaena odorata; Xylopia aethiopica; Mirabilis jalapa; Capsicum annuum; Vitis vinifera; Aegiceras corniculatum; Lycium chinense; Sonneratia alba; Curcuma phaeocaulis; Carthamus tinctorius; Melia azedarach; Punica granatum; Kaempferia pulchra; Drosera peltata; Jatropha curcas; Rosulabryum capillare; Curcuma longa; Dipterocarpus alatus; Codium dwarkense; Diplazium esculentum; Linum usitatissimum; Cucurbita moschata; Ocimum gratissimum; Glochidion philippicum; Ceriops decandra; Citrus reticulata; Bursaria spinosa; Archidendron ellipticum; Tabernaemontana divaricata; Ophiorrhiza blumeana; Macadamia ternifolia; Terminalia chebula; Petteria ramentacea; Citrus maxima; Ulva prolifera; Sesbania punicea; Eragrostis viscosa; Nauclea officinalis; Mangifera indica; Desmodium styracifolium; Nelumbo nucifera; Medinilla magnifica; Laggera alata; Bruguiera gymnorhiza; Helianthus annuus; Syzygium nervosum; Ziziphus jujuba; Securidaca inappendiculata; Mesua ferrea; Canarium strictum; Cannabis sativa; Raphanus sativus; Glycine max; Elettaria cardamomum; Curcuma zedoaria,NPO26650,Elcosanoic Acid,CHEMBL1173381,10467,CCCCCCCCCCCCCCCCCCCC(=O)O,312.30283052,1,1,7.112700000000007,True
6,NPC150928,Cannabis sativa,NPO7513,Delta9-Tetrahydrocannabinolic Acid A,CHEMBL465718,98523,CCCCCc1cc2c(c(O)c1C(=O)O)[C@@H]1C=C(C)CC[C@H]1C(C)(C)O2,358.21440943999994,3,2,5.4340000000000055,True
7,NPC154245,Nerium oleander,NPO4573,Dihomo-Gamma-Linolenic Acid,CHEMBL465183,5280581,CCCCC/C=C\C/C=C\C/C=C\CCCCCCC(=O)O,306.255880328,1,1,6.440700000000006,True
8,NPC162071,Barleria prionitis; Alpinia javanica; Crypteronia paniculata,NPO18159,Tirotundin,CHEMBL464453,9975297,C=C1C(=O)O[C@@H]2C[C@H](C)[C@@]3(O)CC[C@@](C)(C[C@@H](OC(=O)C(C)C)[C@@H]12)O3,352.18858861599995,6,1,2.3396,True
9,NPC169591,Cullen corylifolium,NPO28809,Bavachinin A,CHEMBL1551302,10337211,COc1cc2c(cc1CC=C(C)C)C(=O)C[C@@H](c1ccc(O)cc1)O2,338.15180918399994,4,1,4.616000000000005,True
10,NPC171736,Eria linearifolia; Allium tuberosum; Moringa oleifera; Castanea mollissima; Solanum dulcamara; Salvia hispanica; Gossypium barbadense; Morus cathayana; Vitex rotundifolia; Capsicum annuum; Codiaeum variegatum; Vitis vinifera; Avrainvillea nigricans; Curcuma phaeocaulis; Rhododendron ferrugineum; Carthamus tinctorius; Samanea saman; Lantana camara; Melia azedarach; Senecio scandens; Vallaris solanacea; Madhuca longifolia; Vitex trifolia; Jagera pseudorhus; Jasminum grandiflorum; Viscum coloratum; Myristica gigantea; Curcuma longa; Linum usitatissimum; Taraxacum officinale; Taraxacum mongolicum; Petteria ramentacea; Hibiscus syriacus; Nelumbo nucifera; Medinilla magnifica; Laggera alata; Ziziphus jujuba; Planchonella anteridifera; Mesua ferrea; Rhizophora mucronata; Cannabis sativa; Raphanus sativus; Glycine max; Curcuma zedoaria,NPO2618,Behenic Acid,CHEMBL1173474,8215,CCCCCCCCCCCCCCCCCCCCCC(=O)O,340.3341306479999,1,1,7.892900000000008,True
11,NPC176775,Mentha canadensis; Chromolaena odorata; Kaempferia pulchra; Drosera peltata; Polygala glomerata; Mentha arvensis; Dipterocarpus alatus; Citrus reticulata; Bursaria spinosa; Sesbania punicea; Securidaca inappendiculata; Bauhinia racemosa,NPO25144,Gardenin B,CHEMBL226512,96539,COc1ccc(-c2cc(=O)c3c(O)c(OC)c(OC)c(OC)c3o2)cc1,358.105252916,7,1,3.200000000000002,True
12,NPC201844,Brassica rapa; Centella asiatica; Carum carvi; Salvia hispanica; Cucumis melo; Elaeis guineensis; Houttuynia cordata; Vitex negundo; Lonicera japonica; Theobroma cacao; Citrus medica; Zea mays; Daucus carota; Xylopia aethiopica; Mirabilis jalapa; Capsicum annuum; Avena sativa; Vitis vinifera; Aegiceras corniculatum; Panicum miliaceum; Phytolacca americana; Artocarpus heterophyllus; Sonneratia alba; Agrimonia pilosa; Carthamus tinctorius; Phaseolus lunatus; Thymus vulgaris; Zingiber officinale; Vigna unguiculata; Punica granatum; Anethum graveolens; Manihot esculenta; Hordeum vulgare; Ficus carica; Vicia faba; Imperata cylindrica; Curcuma longa; Lupinus albus; Linum usitatissimum; Arachis hypogaea; Citrus reticulata; Lablab purpureus; Fagopyrum esculentum; Sorghum bicolor; Apium graveolens; Carica papaya; Virola surinamensis; Ulva prolifera; Piper nigrum; Brassica juncea; Mangifera indica; Croton tiglium; Citrus limon; Cucurbita pepo; Syzygium aromaticum; Attalea speciosa; Solanum tuberosum; Bruguiera gymnorhiza; Phaseolus vulgaris; Myristica fragrans; Musa acuminata; Ziziphus jujuba; Cocos nucifera; Brassica napus; Cucumis sativus; Brassica oleracea; Glycine max; Elettaria cardamomum; Sinapis alba; Asparagus officinalis; Cinnamomum aromaticum; Oryza sativa; Anacardium occidentale; Citrullus lanatus,NPO16509,Dodecanoate,CHEMBL108766,3893,CCCCCCCCCCCC(=O)O,200.177630008,1,1,3.991900000000002,True
13,NPC206614,Barleria prionitis; Alpinia javanica; Crypteronia paniculata; Tithonia diversifolia,NPO9841,Tagitinin A,CHEMBL518700,181254,C=C1C(=O)O[C@@H]2C[C@H](C)[C@@]3(O)C[C@H](O)[C@@](C)(C[C@@H](OC(=O)C(C)C)[C@@H]12)O3,368.183503236,7,2,1.3104,True
14,NPC20791,Myrsine capitellata; Abutilon theophrasti; Afrocarpus falcatus; Allium ascalonicum; Ipomoea digitata; Ixeris chinensis; Centaurea solstitialis; Flacourtia jangomas; Peganum harmala; Capparis spinosa; Allium tuberosum; Moringa oleifera; Callicarpa japonica; Avrainvillea longicaulis; Brassica rapa; Centella asiatica; Impatiens balsamina; Rivina humilis; Glycosmis macrophylla; Stephania zippeliana; Garcinia macrophylla; Corchorus olitorius; Trachelospermum jasminoides; Chenopodium quinoa; Smilax menispermoidea; Pinus massoniana; Dodonaea viscosa; Phalaris canariensis; Nasturtium officinale; Diospyros eriantha; Artemisia rupestris; Eucalyptus alba; Citrus aurantiifolia; Cyrtomium falcatum; Persicaria glabra; Payena lucida; Sorbus aucuparia; Sindora wallichii; Pteridium aquilinum; Salvia hispanica; Goniothalamus malayanus; Syzygium polycephaloides; Cucumis melo; Pyrola japonica; Cladogynos orientalis; Caulerpa serrulata; Aristolochia zollingeriana; Planchonia grandis; Rhododendron mucronatum; Houttuynia cordata; Gouania microcarpa; Vitex negundo; Lobelia chinensis; Trachelospermum asiaticum; Alangium vitiense; Prunus persica; Rumex obtusifolius; Lonicera japonica; Glochidion sphaerogynum; Theobroma cacao; Chamaemelum nobile; Luffa aegyptiaca; Ananas comosus; Mitragyna speciosa; Dumortiera hirsuta; Bryum argenteum; Rhodiola rosea; Daucus carota; Pyrrosia lingua; Alphitonia macrocarpa; Capsicum annuum; Avena sativa; Glinus lotoides; Entada phaseoloides; Vitis vinifera; Eragrostis curvula; Parthenocissus quinquefolia; Mimosa diplotricha; Jackiella javanica; Agrimonia pilosa; Abelmoschus esculentus; Rosa chinensis; Breonia chinensis; Diospyros kaki; Carthamus tinctorius; Medicago sativa; Atalantia racemosa; Canella winterana; Salacia elliptica; Pteris fauriei; Samanea saman; Pangium edule; Croton cascarilloides; Pteridium esculentum; Melia azedarach; Erythrospermum zeylanicum; Thymus vulgaris; Morus nigra; Taxillus chinensis; Hypolepis punctata; Zingiber officinale; Psychotria serpens; Gleditsia sinensis; Phytolacca acinosa; Ipomoea aquatica; Phyllanthus urinaria; Cardiospermum halicacabum; Embelia parviflora; Vigna unguiculata; Dichotomaria marginata; Aglaia elaeagnoidea; Punica granatum; Anethum graveolens; Abelia chinensis; Magnolia montana; Citrus trifoliata; Tarenaya spinosa; Alyxia reinwardtii; Hypericum japonicum; Solanum nigrum; Allium ampeloprasum; Allium schoenoprasum; Chrysanthemum indicum; Colocasia esculenta; Eurya japonica; Bombax ceiba; Sterculia foetida; Cuphea carthagenensis; Urtica dioica; Allium cepa; Camellia japonica; Coriandrum sativum; Vicia faba; Clausena lansium; Lactuca indica; Rosulabryum capillare; Curcuma longa; Eugenia uniflora; Diplopterygium glaucum; Toxicodendron succedaneum; Targionia hypophylla; Magnolia sprengeri; Cucurbita moschata; Citrus reticulata; Beta vulgaris; Smilax china; Albertisia papuana; Hyptis brevipes; Senna siamea; Persicaria orientalis; Diphasiastrum thyoides; Ophiorrhiza blumeana; Annona muricata; Isodon japonicus; Euphorbia hirta; Fagopyrum esculentum; Frullania tamarisci; Gmelina asiatica; Macadamia ternifolia; Taraxacum officinale; Apium graveolens; Taraxacum mongolicum; Vigna radiata; Premna tomentosa; Sagittaria sagittifolia; Lygodium flexuosum; Entada rheedei; Murraya paniculata; Gracilaria textorii; Utricularia australis; Citrus maxima; Syringodium isoetifolium; Crinum latifolium; Podocarpus macrophyllus; Myosotis sylvatica; Vigna mungo; Aristolochia labiata; Scaevola taccada; Gouania leptostachya; Abelmoschus manihot; Platycladus orientalis; Morus alba; Jania rubens; Filicium decipiens; Phyllanthus emblica; Ipomoea batatas; Oroxylum indicum; Tetragonia tetragonioides; Cuscuta australis; Prunus mume; Radermachera xylocarpa; Alangium kurzii; Saccharum spontaneum; Eragrostis viscosa; Nauclea officinalis; Hedychium villosum; Brassica juncea; Euonymus alatus; Crescentia cujete; Aglaia elliptica; Sarcandra glabra; Macaranga peltata; Mangifera indica; Lupinus paniculatus; Boehmeria nivea; Pogostemon cablin; Urena lobata; Vigna angularis; Samadera indica; Spinulum annotinum; Chrysanthemum morifolium; Solanum lycopersicum; Citrus limon; Coffea canephora; Desmodium styracifolium; Psidium guajava; Pteris dactylina; Nelumbo nucifera; Vigna umbellata; Ardisia japonica; Chaenomeles speciosa; Allium victorialis; Cucurbita pepo; Syzygium aromaticum; Foeniculum vulgare; Dicranopteris linearis; Allium neapolitanum; Morinda citrifolia; Solanum tuberosum; Erigeron annuus; Fagraea gracilipes; Helianthus annuus; Lonicera confusa; Portulaca oleracea; Syzygium nervosum; Phaseolus vulgaris; Sesbania bispinosa; Cycas revoluta; Dipteryx odorata; Oenanthe javanica; Lawsonia inermis; Myristica fragrans; Zanthoxylum bungeanum; Broussonetia papyrifera; Bauhinia purpurea; Rumex nepalensis; Bauhinia glauca; Litsea glutinosa; Etlingera elatior; Petroselinum crispum; Ziziphus jujuba; Limnocharis flava; Amaranthus hypochondriacus; Persicaria perfoliata; Typha domingensis; Canarium strictum; Allium sativum; Helicteres angustifolia; Brassica napus; Corchorus trilocularis; Citrus aurantium; Eucalyptus resinifera; Cucumis sativus; Raphanus sativus; Premna odorata; Brassica oleracea; Glycine max; Solanum melongena; Debregeasia orientalis; Vatica albiramis; Sinapis alba; Asparagus officinalis; Fritillaria meleagris; Artocarpus altilis; Momordica charantia; Camellia sinensis; Porophyllum ruderale; Triticum aestivum; Artemisia lactiflora; Koompassia malaccensis; Epipactis palustris; Centipeda minima; Pteris semipinnata; Mimosa rubicaulis; Sorbaria sorbifolia; Pyrostegia venusta; Uncaria gambir; Rauvolfia vomitoria; Gnetum latifolium; Gardenia jasminoides; Sonneratia caseolaris; Coffea arabica; Typha angustifolia; Indigofera linnaei,NPO16145,Quercetin,CHEMBL50,5280343,O=c1c(O)c(-c2ccc(O)c(O)c2)oc2cc(O)cc(O)c12,302.04265266,7,5,1.988,True
15,NPC209970,Eria linearifolia; Cinnamomum subavenium; Allium tuberosum; Asplenium normale; Centella asiatica; Castanea mollissima; Garcinia macrophylla; Trifolium alexandrinum; Salvia hispanica; Solanum jamaicense; Elaeis guineensis; Houttuynia cordata; Gouania microcarpa; Vitex negundo; Lobelia chinensis; Gossypium barbadense; Ceratophyllum submersum; Morus cathayana; Brucea javanica; Chromolaena odorata; Vitex rotundifolia; Xylopia aethiopica; Mirabilis jalapa; Capsicum annuum; Glinus lotoides; Codiaeum variegatum; Vitis vinifera; Aegiceras corniculatum; Benincasa hispida; Avrainvillea nigricans; Lycium chinense; Sonneratia alba; Agrimonia pilosa; Curcuma phaeocaulis; Rhododendron ferrugineum; Carthamus tinctorius; Samanea saman; Lantana camara; Melia azedarach; Senecio scandens; Vallaris solanacea; Eclipta prostrata; Zingiber officinale; Madhuca longifolia; Plantago major; Punica granatum; Vitex trifolia; Polygala sibirica; Jagera pseudorhus; Kaempferia pulchra; Drosera peltata; Jasminum grandiflorum; Viscum coloratum; Polygala glomerata; Imperata cylindrica; Myristica gigantea; Rosulabryum capillare; Meliosma simplicifolia; Curcuma longa; Dipterocarpus alatus; Codium dwarkense; Diplazium esculentum; Xanthium strumarium; Linum usitatissimum; Cucurbita moschata; Ocimum gratissimum; Glochidion philippicum; Arachis hypogaea; Ceriops decandra; Citrus reticulata; Bursaria spinosa; Archidendron ellipticum; Tabernaemontana divaricata; Ophiorrhiza blumeana; Macadamia ternifolia; Taraxacum officinale; Terminalia chebula; Taraxacum mongolicum; Citrus maxima; Ulva prolifera; Sesbania punicea; Eragrostis viscosa; Nauclea officinalis; Piper nigrum; Mangifera indica; Pogostemon cablin; Croton tiglium; Desmodium styracifolium; Plantago asiatica; Nelumbo nucifera; Eucalyptus cladocalyx; Syzygium aromaticum; Bruguiera gymnorhiza; Helianthus annuus; Syzygium nervosum; Adiantum caudatum; Myristica fragrans; Castanea crenata; Ziziphus jujuba; Cocos nucifera; Salvadora persica; Securidaca inappendiculata; Canarium strictum; Rhizophora mucronata; Cannabis sativa; Raphanus sativus; Glycine max; Elettaria cardamomum; Curcuma zedoaria; Cinnamomum aromaticum; Perilla frutescens; Plantago depressa,NPO3808,Stearic Acid,CHEMBL46403,5281,CCCCCCCCCCCCCCCCCC(=O)O,284.271530392,1,1,6.332500000000007,True
16,NPC213603,Pterocarpus indicus,NPO7255,Angolensin,CHEMBL1373918,3584988,COc1ccc(C(C)C(=O)c2ccc(O)cc2O)cc1,272.104858992,4,2,3.092800000000002,True
17,NPC216630,Nerium oleander; Eria linearifolia; Cinnamomum subavenium; Allium tuberosum; Centella asiatica; Alstonia muelleriana; Magnolia obovata; Castanea mollissima; Ipomoea purpurea; Chenopodium quinoa; Diospyros elliptifolia; Sauromatum giganteum; Torilis japonica; Rennellia elliptica; Salvia hispanica; Pyrola japonica; Mentha canadensis; Leucaena leucocephala; Elaeis guineensis; Houttuynia cordata; Aquilaria sinensis; Vitex negundo; Lobelia chinensis; Monodora angolensis; Gossypium barbadense; Morus cathayana; Brucea javanica; Achyranthes bidentata; Chromolaena odorata; Lonicera japonica; Vitex rotundifolia; Xylopia aethiopica; Mirabilis jalapa; Capsicum annuum; Diospyros maritima; Codiaeum variegatum; Vitis vinifera; Aegiceras corniculatum; Benincasa hispida; Lycium chinense; Sonneratia alba; Agrimonia pilosa; Curcuma phaeocaulis; Diospyros kaki; Carthamus tinctorius; Samanea saman; Lantana camara; Melia azedarach; Thymus vulgaris; Lygodium japonicum; Senecio scandens; Gmelina arborea; Eclipta prostrata; Zingiber officinale; Hydnocarpus annamensis; Madhuca longifolia; Phoenix paludosa; Plantago major; Punica granatum; Vitex trifolia; Polygala sibirica; Jagera pseudorhus; Kaempferia pulchra; Chrysanthemum indicum; Drosera peltata; Cyperus rotundus; Viscum coloratum; Sigesbeckia orientalis; Polygala glomerata; Mentha arvensis; Dendrobium fimbriatum; Imperata cylindrica; Myristica gigantea; Meliosma simplicifolia; Curcuma longa; Dipterocarpus alatus; Targionia hypophylla; Cibotium barometz; Dioscorea polystachya; Xanthium strumarium; Linum usitatissimum; Arachis hypogaea; Citrus reticulata; Bursaria spinosa; Smilax china; Taraxacum officinale; Terminalia chebula; Taraxacum mongolicum; Citrus maxima; Crinum latifolium; Morus alba; Foeniculum vulgare; Ulva prolifera; Phyllanthus emblica; Sesbania punicea; Prunus mume; Eragrostis viscosa; Nauclea officinalis; Piper nigrum; Mangifera indica; Pogostemon cablin; Croton tiglium; Plantago asiatica; Nelumbo nucifera; Andrographis paniculata; Bruguiera gymnorhiza; Helianthus annuus; Lonicera confusa; Portulaca oleracea; Adiantum caudatum; Glycine tomentella; Myristica fragrans; Zanthoxylum bungeanum; Bauhinia purpurea; Litsea glutinosa; Ziziphus jujuba; Cocos nucifera; Cymbidium aloifolium; Securidaca inappendiculata; Rhizophora mucronata; Cannabis sativa; Raphanus sativus; Glycine max; Elettaria cardamomum; Curcuma zedoaria; Cinnamomum aromaticum; Oryza sativa; Triticum aestivum; Perilla frutescens; Centipeda minima; Plantago depressa; Gardenia jasminoides; Phyllodium pulchellum; Zanthoxylum nitidum; Mikania scandens,NPO24706,Palmitic Acid,CHEMBL82293,985,CCCCCCCCCCCCCCCC(=O)O,256.240230264,1,1,5.552300000000005,True
18,NPC231018,Prunus cerasoides; Mentha canadensis; Phytolacca americana; Ocimum basilicum; Mentha arvensis; Mentha piperita,NPO33595,Xanthomicrol,CHEMBL476121,73207,COc1c(OC)c(O)c2c(=O)cc(-c3ccc(O)cc3)oc2c1OC,344.089602852,7,2,2.8970000000000002,True
19,NPC261831,Passiflora edulis; Capparis spinosa; Allium tuberosum; Moringa oleifera; Asplenium normale; Centella asiatica; Trifolium hybridum; Trifolium alexandrinum; Corchorus olitorius; Satureja hortensis; Chenopodium quinoa; Corylus avellana; Dioscorea pentaphylla; Citrus aurantiifolia; Salvia hispanica; Cucumis melo; Cissampelos pareira; Solanum jamaicense; Elaeis guineensis; Aquilaria sinensis; Vitex negundo; Monodora angolensis; Gossypium barbadense; Ceratophyllum submersum; Brucea javanica; Prunus persica; Chromolaena odorata; Theobroma cacao; Luffa aegyptiaca; Lepidium sativum; Ananas comosus; Zea mays; Daucus carota; Xylopia aethiopica; Mirabilis jalapa; Capsicum annuum; Persea americana; Codiaeum variegatum; Vitis vinifera; Aegiceras corniculatum; Benincasa hispida; Avrainvillea nigricans; Sonneratia alba; Agrimonia pilosa; Curcuma phaeocaulis; Rhododendron ferrugineum; Cajanus cajan; Diospyros kaki; Carthamus tinctorius; Samanea saman; Bertholletia excelsa; Melia azedarach; Borago officinalis; Phaseolus lunatus; Thymus vulgaris; Lygodium japonicum; Senecio scandens; Vallaris solanacea; Eclipta prostrata; Zingiber officinale; Phytolacca acinosa; Cardiospermum halicacabum; Madhuca longifolia; Vigna unguiculata; Aglaia elaeagnoidea; Plantago major; Punica granatum; Vitex trifolia; Polygala sibirica; Manihot esculenta; Jagera pseudorhus; Hordeum vulgare; Kaempferia pulchra; Allium schoenoprasum; Ficus carica; Colocasia esculenta; Drosera peltata; Cuphea carthagenensis; Callistemon coccineus; Jasminum grandiflorum; Viscum coloratum; Allium cepa; Sigesbeckia orientalis; Polygala glomerata; Coriandrum sativum; Vicia faba; Alpinia zerumbet; Myristica gigantea; Curcuma longa; Lupinus albus; Tamarindus indica; Dipterocarpus alatus; Sesamum orientale; Cibotium barometz; Dioscorea polystachya; Datura metel; Xanthium strumarium; Linum usitatissimum; Arachis hypogaea; Citrus reticulata; Bursaria spinosa; Beta vulgaris; Lablab purpureus; Fagopyrum esculentum; Taraxacum officinale; Terminalia chebula; Apium graveolens; Vigna radiata; Carica papaya; Citrus maxima; Virola surinamensis; Vigna mungo; Foeniculum vulgare; Ulva prolifera; Uncaria longiflora; Ipomoea batatas; Olea europaea; Tubocapsicum anomalum; Sesbania punicea; Cuscuta australis; Eucalyptus viminalis; Cullen corylifolium; Eragrostis viscosa; Nauclea officinalis; Piper nigrum; Myrrhis odorata; Mangifera indica; Pogostemon cablin; Alstonia spectabilis; Croton tiglium; Pongamia pinnata; Solanum lycopersicum; Psidium guajava; Nelumbo nucifera; Cucurbita pepo; Syzygium aromaticum; Solanum tuberosum; Bruguiera gymnorhiza; Helianthus annuus; Portulaca oleracea; Adiantum caudatum; Phaseolus vulgaris; Lagenaria siceraria; Myristica fragrans; Castanea crenata; Zanthoxylum bungeanum; Petroselinum crispum; Ziziphus jujuba; Cocos nucifera; Securidaca inappendiculata; Rhizophora mucronata; Cannabis sativa; Cucumis sativus; Raphanus sativus; Brassica oleracea; Glycine max; Elettaria cardamomum; Solanum melongena; Sinapis alba; Asparagus officinalis; Curcuma zedoaria; Cicer arietinum; Momordica charantia; Oryza sativa; Triticum aestivum; Perilla frutescens; Anacardium occidentale; Citrullus lanatus; Papaver somniferum; Psophocarpus tetragonolobus; Zanthoxylum nitidum; Psidium cattleianum; Coffea arabica,NPO10207,Oleic Acid,CHEMBL8659,445639,CCCCCCCC/C=C\CCCCCCCC(=O)O,282.255880328,1,1,6.1085000000000065,True
20,NPC279026,Brassica rapa; Carum carvi; Cucumis melo; Houttuynia cordata; Aquilaria sinensis; Lonicera japonica; Theobroma cacao; Zea mays; Daucus carota; Capsicum annuum; Vitis vinifera; Panicum miliaceum; Artocarpus heterophyllus; Carthamus tinctorius; Thymus vulgaris; Zingiber officinale; Vigna unguiculata; Citrus trifoliata; Ficus carica; Chrysanthemum indicum; Imperata cylindrica; Curcuma longa; Linum usitatissimum; Arachis hypogaea; Citrus reticulata; Fagopyrum esculentum; Sorghum bicolor; Terminalia chebula; Apium graveolens; Virola surinamensis; Prunus mume; Piper nigrum; Citrus limon; Cucurbita pepo; Syzygium aromaticum; Attalea speciosa; Solanum tuberosum; Helianthus annuus; Phaseolus vulgaris; Musa acuminata; Cocos nucifera; Allium sativum; Citrus aurantium; Brassica oleracea; Elettaria cardamomum; Cinnamomum aromaticum; Anacardium occidentale; Citrullus lanatus,NPO27293,Decanoic Acid,CHEMBL107498,2969,CCCCCCCCCC(=O)O,172.14632988,1,1,3.2117000000000013,True
21,NPC290563,Tropaeolum majus; Vitis vinifera; Ficus carica; Linum usitatissimum; Terminalia chebula; Brassica campestris; Raphanus sativus; Glycine max,NPO30971,Erucic Acid,CHEMBL1173380,5281116,CCCCCCCC/C=C\CCCCCCCCCCCC(=O)O,338.31848058399993,1,1,7.668900000000008,True
22,NPC294548,Passiflora edulis; Brassica rapa; Garcinia macrophylla; Corchorus olitorius; Satureja hortensis; Chenopodium quinoa; Dipterocarpus dyeri; Carum carvi; Dioscorea pentaphylla; Citrus aurantiifolia; Ipomoea cairica; Salvia hispanica; Rumex acetosa; Cucumis melo; Elaeis guineensis; Gouania microcarpa; Vitex negundo; Monodora angolensis; Gossypium barbadense; Morus cathayana; Prunus persica; Chromolaena odorata; Lonicera japonica; Lepidium sativum; Ananas comosus; Zea mays; Daucus carota; Xylopia aethiopica; Mirabilis jalapa; Capsicum annuum; Avena sativa; Persea americana; Codiaeum variegatum; Vitis vinifera; Aegiceras corniculatum; Panicum miliaceum; Benincasa hispida; Artocarpus heterophyllus; Lycium chinense; Fragaria vesca; Sonneratia alba; Abelmoschus esculentus; Curcuma phaeocaulis; Cajanus cajan; Carthamus tinctorius; Medicago sativa; Samanea saman; Bertholletia excelsa; Thymus vulgaris; Ocimum basilicum; Bidens pilosa; Lasianthus fordii; Zingiber officinale; Madhuca longifolia; Vigna unguiculata; Plantago major; Punica granatum; Anethum graveolens; Manihot esculenta; Drosera indica; Hordeum vulgare; Kaempferia pulchra; Allium ampeloprasum; Allium schoenoprasum; Ficus carica; Chrysanthemum indicum; Colocasia esculenta; Drosera peltata; Callistemon coccineus; Vicia faba; Alpinia zerumbet; Psilotum nudum; Curcuma longa; Uncaria sterrophylla; Lupinus albus; Dipterocarpus alatus; Boenninghausenia albiflora; Sesamum orientale; Cibotium barometz; Dioscorea polystachya; Linum usitatissimum; Arachis hypogaea; Citrus reticulata; Bursaria spinosa; Beta vulgaris; Ophiorrhiza blumeana; Lablab purpureus; Fagopyrum esculentum; Sorghum bicolor; Taraxacum officinale; Terminalia chebula; Apium graveolens; Taraxacum mongolicum; Vigna radiata; Carica papaya; Citrus maxima; Vigna mungo; Ulva prolifera; Ipomoea batatas; Olea europaea; Sesbania punicea; Eragrostis viscosa; Nauclea officinalis; Piper nigrum; Mangifera indica; Alstonia spectabilis; Croton tiglium; Solanum lycopersicum; Citrus limon; Psidium guajava; Plantago asiatica; Nelumbo nucifera; Cucurbita pepo; Syzygium aromaticum; Eragrostis tef; Solanum tuberosum; Bruguiera gymnorhiza; Helianthus annuus; Portulaca oleracea; Phaseolus vulgaris; Musa acuminata; Petroselinum crispum; Ziziphus jujuba; Securidaca inappendiculata; Gardenia tubifera; Canarium strictum; Allium sativum; Rhizophora mucronata; Brassica napus; Cannabis sativa; Cucumis sativus; Raphanus sativus; Brassica oleracea; Glycine max; Elettaria cardamomum; Solanum melongena; Sinapis alba; Asparagus officinalis; Curcuma zedoaria; Cicer arietinum; Artocarpus altilis; Cinnamomum aromaticum; Oryza sativa; Triticum aestivum; Perilla frutescens; Anacardium occidentale; Plantago depressa; Citrullus lanatus; Papaver somniferum; Psophocarpus tetragonolobus; Psidium cattleianum; Coffea arabica,NPO14821,Linolenic Acid,CHEMBL8739,5280934,CC/C=C\C/C=C\C/C=C\CCCCCCCC(=O)O,278.2245802,1,1,5.660500000000005,True
23,NPC301585,Lespedeza cyrtobotrya; Garcinia macrophylla; Salvia hispanica; Pyrola japonica; Elaeis guineensis; Houttuynia cordata; Gouania microcarpa; Aquilaria sinensis; Vitex negundo; Lobelia chinensis; Monodora angolensis; Gossypium barbadense; Morus cathayana; Lonicera japonica; Xylopia aethiopica; Mirabilis jalapa; Capsicum annuum; Vitis vinifera; Aegiceras corniculatum; Benincasa hispida; Avrainvillea nigricans; Lycium chinense; Sonneratia alba; Agrimonia pilosa; Curcuma phaeocaulis; Rhododendron ferrugineum; Diospyros kaki; Carthamus tinctorius; Phaseolus lunatus; Senecio scandens; Vallaris solanacea; Gmelina arborea; Zingiber officinale; Combretum indicum; Plantago major; Punica granatum; Vitex trifolia; Chrysanthemum indicum; Jasminum grandiflorum; Viscum coloratum; Imperata cylindrica; Jatropha curcas; Curcuma longa; Linum usitatissimum; Citrus reticulata; Ophiorrhiza blumeana; Euphorbia hirta; Terminalia chebula; Garcinia lateriflora; Ulva prolifera; Eragrostis viscosa; Nauclea officinalis; Mangifera indica; Nelumbo nucifera; Bruguiera gymnorhiza; Helianthus annuus; Portulaca oleracea; Myristica fragrans; Ziziphus jujuba; Cocos nucifera; Canarium strictum; Raphanus sativus; Glycine max; Elettaria cardamomum; Diospyros montana; Gardenia jasminoides,NPO25114,Myristic Acid,CHEMBL111077,11005,CCCCCCCCCCCCCC(=O)O,228.208930136,1,1,4.772100000000004,True
24,NPC36061,Garcinia macrophylla; Salvia hispanica; Cucumis melo; Elaeis guineensis; Gouania microcarpa; Aquilaria sinensis; Monodora angolensis; Gossypium barbadense; Morus cathayana; Adenanthera pavonina; Citrus medica; Capsicum annuum; Vitis vinifera; Benincasa hispida; Avrainvillea nigricans; Agrimonia pilosa; Curcuma phaeocaulis; Rhododendron ferrugineum; Carthamus tinctorius; Melia azedarach; Senecio scandens; Vallaris solanacea; Zingiber officinale; Punica granatum; Vitex trifolia; Callistemon coccineus; Jasminum grandiflorum; Viscum coloratum; Alpinia zerumbet; Curcuma longa; Sesamum orientale; Linum usitatissimum; Citrus reticulata; Ophiorrhiza blumeana; Macadamia ternifolia; Alstonia spectabilis; Andrographis paniculata; Helianthus annuus; Portulaca oleracea; Petroselinum crispum; Ziziphus jujuba; Canarium strictum; Raphanus sativus; Glycine max; Elettaria cardamomum; Cinnamomum aromaticum,NPO14701,Palmitoleic Acid,CHEMBL453509,445638,CCCCCC/C=C\CCCCCCCC(=O)O,254.2245802,1,1,5.328300000000005,True
25,NPC5413,Hydrolithon reinboldii; Zea mays; Daucus carota; Capsicum annuum; Persea americana; Vitis vinifera; Borago officinalis; Ocimum basilicum; Arachis hypogaea; Vicia sativa; Solanum tuberosum; Phaseolus vulgaris; Petroselinum crispum; Cannabis sativa; Raphanus sativus,NPO27293,Gamolenic Acid,CHEMBL464982,5280933,CCCCC/C=C\C/C=C\C/C=C\CCCCC(=O)O,278.2245802,1,1,5.660500000000005,True
26,NPC85813,Nerium oleander; Passiflora edulis; Capparis spinosa; Allium tuberosum; Asplenium normale; Brassica rapa; Alstonia muelleriana; Garcinia macrophylla; Trifolium alexandrinum; Corchorus olitorius; Satureja hortensis; Chenopodium quinoa; Sauromatum giganteum; Carum carvi; Corylus avellana; Dioscorea pentaphylla; Citrus aurantiifolia; Salvia hispanica; Cucumis melo; Solanum jamaicense; Elaeis guineensis; Houttuynia cordata; Gouania microcarpa; Vitex negundo; Monodora angolensis; Gossypium barbadense; Ceratophyllum submersum; Morus cathayana; Brucea javanica; Prunus persica; Chromolaena odorata; Lonicera japonica; Theobroma cacao; Vitex rotundifolia; Luffa aegyptiaca; Lepidium sativum; Ananas comosus; Citrus medica; Zea mays; Daucus carota; Xylopia aethiopica; Mirabilis jalapa; Capsicum annuum; Avena sativa; Persea americana; Codiaeum variegatum; Vitis vinifera; Aegiceras corniculatum; Panicum miliaceum; Benincasa hispida; Artocarpus heterophyllus; Lycium chinense; Sonneratia alba; Agrimonia pilosa; Abelmoschus esculentus; Curcuma phaeocaulis; Cajanus cajan; Carthamus tinctorius; Medicago sativa; Samanea saman; Bertholletia excelsa; Melia azedarach; Borago officinalis; Phaseolus lunatus; Thymus vulgaris; Lygodium japonicum; Gmelina arborea; Eclipta prostrata; Bidens pilosa; Zingiber officinale; Psychotria serpens; Madhuca longifolia; Vigna unguiculata; Plantago major; Punica granatum; Vitex trifolia; Anethum graveolens; Polygala sibirica; Manihot esculenta; Bidens tripartita; Jagera pseudorhus; Hypericum japonicum; Drosera indica; Hordeum vulgare; Kaempferia pulchra; Allium ampeloprasum; Allium schoenoprasum; Ficus carica; Colocasia esculenta; Drosera peltata; Xyris indica; Viscum coloratum; Polygala glomerata; Coriandrum sativum; Vicia faba; Imperata cylindrica; Gomphostemma parviflorum; Myristica gigantea; Hippobroma longiflora; Psilotum nudum; Curcuma longa; Uncaria sterrophylla; Lupinus albus; Tamarindus indica; Dipterocarpus alatus; Boenninghausenia albiflora; Sesamum orientale; Cibotium barometz; Dioscorea polystachya; Datura metel; Xanthium strumarium; Linum usitatissimum; Arachis hypogaea; Citrus reticulata; Bursaria spinosa; Beta vulgaris; Ophiorrhiza blumeana; Lablab purpureus; Fagopyrum esculentum; Sorghum bicolor; Taraxacum officinale; Terminalia chebula; Apium graveolens; Taraxacum mongolicum; Vigna radiata; Carica papaya; Virola surinamensis; Vigna mungo; Morus alba; Foeniculum vulgare; Ulva prolifera; Uncaria longiflora; Ipomoea batatas; Olea europaea; Tubocapsicum anomalum; Sesbania punicea; Cuscuta australis; Eucalyptus viminalis; Cullen corylifolium; Eragrostis viscosa; Nauclea officinalis; Piper nigrum; Myrrhis odorata; Mangifera indica; Pogostemon cablin; Croton tiglium; Solanum lycopersicum; Citrus limon; Psidium guajava; Nelumbo nucifera; Cucurbita pepo; Syzygium aromaticum; Solanum tuberosum; Bruguiera gymnorhiza; Helianthus annuus; Portulaca oleracea; Phaseolus vulgaris; Lagenaria siceraria; Dipteryx odorata; Glycine tomentella; Myristica fragrans; Musa acuminata; Castanea crenata; Petroselinum crispum; Ziziphus jujuba; Cocos nucifera; Securidaca inappendiculata; Canarium strictum; Allium sativum; Rhizophora mucronata; Brassica napus; Malus sylvestris; Cannabis sativa; Cucumis sativus; Raphanus sativus; Brassica oleracea; Glycine max; Cratoxylum maingayi; Elettaria cardamomum; Solanum melongena; Sinapis alba; Asparagus officinalis; Curcuma zedoaria; Cicer arietinum; Artocarpus altilis; Momordica charantia; Oryza sativa; Triticum aestivum; Perilla frutescens; Anacardium occidentale; Citrullus lanatus; Papaver somniferum; Psophocarpus tetragonolobus; Psidium cattleianum,NPO19975,Linoleic Acid,CHEMBL267476,5280450,CCCCC/C=C\C/C=C\CCCCCCCC(=O)O,280.240230264,1,1,5.884500000000005,True
27,NPC91495,Myroxylon balsamum; Humboldtia laurifolia; Agrimonia eupatoria; Selaginella uncinata; Prunus persica; Cheilanthes tenuifolia; Persea americana; Pterocaulon alopecuroides; Palhinhaea cernua; Curcuma longa; Senna siamea; Fagopyrum esculentum; Portulaca oleracea; Brassica oleracea,NPO12323,Arachidonic Acid,CHEMBL15594,444899,CCCCC/C=C\C/C=C\C/C=C\C/C=C\CCCC(=O)O,304.240230264,1,1,6.216700000000006,True
28,NPC250361,Murraya koenigii,NPO3364,Carbazole,CHEMBL243580,6854,c1ccc2c(c1)[nH]c1ccccc12,167.073499288,0,1,3.3211000000000013,True
29,NPC124302,Coptis teeta,NPO22622,"6,7-Dimethoxy-3-(6-Methyl-7,8-Dihydro-5H-[1,3]Dioxolo[4,5-G]Isoquinolin-5-Yl)-3H-2-Benzofuran-1-One",CHEMBL1256868,1309,COc1ccc2c(c1OC)C(=O)OC2C1c2cc3c(cc2CCN1C)OCO3,383.136887392,7,0,2.8732000000000015,True
30,NPC223185,Coix lacryma-jobi,NPO12126,4-Ketopinoresinol,CHEMBL479035,44578390,COc1cc([C@H]2OC(=O)[C@H]3[C@@H]2CO[C@@H]3c2ccc(O)c(OC)c2)ccc1O,372.12090298,7,2,2.7168000000000014,True
31,NPC266572,Morus alba,NPO7154,Glabrone,CHEMBL600457,5317652,CC1(C)C=Cc2c(ccc(-c3coc4cc(O)ccc4c3=O)c2O)O1,336.0997736119999,5,2,4.055400000000004,True
32,NPC117992,Neomeris annulata,NPO5276,Dulxanthone B,CHEMBL2147809,10787706,COc1c(CC=C(C)C)c(O)c2c(=O)c3ccc(O)c(O)c3oc2c1CC=C(C)C,410.17293855199995,6,3,5.089000000000005,True
33,NPC475009,Myristica fragrans,NPO5241,1-(2-Hydroxy-6-Methoxyphenyl)-9-(4-Methoxyphenyl)Nonan-1-One,CHEMBL491791,13965862,COc1ccc(CCCCCCCCC(=O)c2c(O)cccc2OC)cc1,370.21440943999994,4,1,5.565500000000006,True
34,NPC126101,Rhododendron ferrugineum,NPO18212,Ferruginene B,CHEMBL1775032,52951887,C=C(C/C=C/C(C)(C)O)[C@@H]1CC[C@](C)(O)[C@H]2Oc3cc(C)cc(O)c3[C@@H]12,358.21440943999994,4,3,3.9796200000000033,True
35,NPC66991,Quercus petraea,NPO28250,"(2R,3'r,6's)-3'-Hydroxy-2',2',6'-Trimethylspiro[3H-1-Benzofuran-2,1'-Cyclohexane]-5-Carboxylic Acid",CHEMBL1079167,44416729,C[C@H]1CC[C@@H](O)C(C)(C)[C@@]12Cc1cc(C(=O)O)ccc1O2,290.151809184,3,2,2.8755000000000006,True
36,NPC214368,Toxicodendron succedaneum,NPO12309,Pitucamycin,CHEMBL1224596,46939682,NC(=O)C1=C(N)[C@@H](O)[C@H](O)[C@@H](Nc2cc3nc4cc(CO)ccc4oc-3cc2=O)C1=O,426.11754891599986,10,6,-1.4317999999999984,True
37,NPC103647,Mascarenhasia arborescens; Kummerowia striata; Sida cordifolia; Solanum sisymbriifolium; Salacia chinensis; Merremia umbellata,NPO9780,3-Oxo-29-Hydroxyfriedelane,CHEMBL516320,14108943,C[C@H]1C(=O)CC[C@@H]2[C@]1(C)CC[C@H]1[C@@]2(C)CC[C@@]2(C)[C@@H]3C[C@](C)(CO)CC[C@]3(C)CC[C@]12C,442.38108084,2,1,7.42940000000001,True
38,NPC66052,Duranta erecta; Carum carvi; Phalaenopsis amabilis; Calophyllum teysmannii; Rheum officinale; Punica granatum; Xanthium strumarium; Rheum palmatum; Brassica juncea; Pogostemon cablin,NPO21349,Sorbitol,CHEMBL1682,5780,OC[C@@H](O)[C@@H](O)[C@H](O)[C@@H](O)CO,182.079038168,6,6,-3.5854000000000004,True
39,NPC184437,Alseodaphne perakensis,NPO11155,Hydroxycryptolepine,CHEMBL504189,n.a.,Cn1c2c3ccccc3nc-2c(O)c2ccccc21,248.094963004,3,1,3.536900000000001,True
40,NPC18128,Arundina graminifolia,NPO6006,Gramistilbenoid C,CHEMBL2431357,72702681,COc1cc(/C=C/c2cc(O)c(CCO)c(O)c2)cc(OC)c1,316.13107374,5,3,2.8202000000000016,True
41,NPC85078,Lygodium japonicum,NPO1960,Isosorbide Dinitrate,CHEMBL6622,6883,O=[N+]([O-])O[C@H]1CO[C@H]2[C@@H]1OC[C@H]2O[N+](=O)[O-],236.02806521600002,8,0,-1.0622000000000003,True
42,NPC118524,Crotalaria tetragona,NPO1517,L-Erythro-Tricholomic Acid,CHEMBL260328,441456,N[C@H](C(=O)O)[C@@H]1CC(O)=NO1,160.048406736,4,3,-0.9412999999999996,True
43,NPC278323,Dalbergia parviflora,NPO14114,2'-Methoxybiochanin A,CHEMBL1088580,44257324,COc1ccc(-c2coc3cc(O)cc(O)c3c2=O)c(OC)c1,314.079038168,6,2,2.8884000000000016,True
44,NPC246229,Salvinia molesta,NPO4984,XNPVHIQPSAZTLC-NYUBLWNDSA-N,CHEMBL464376,23243692,CO[C@H]1c2cc(C(C)C)c(O)c(O)c2[C@@]23CCCC(C)(C)[C@@H]2[C@@H]1OC3=O,360.1936739959999,5,2,3.911800000000004,True
45,NPC229262,Piper cubeba; Citrus aurantiifolia; Vitex negundo; Citrus medica; Daucus carota; Capsicum annuum; Santalum album; Agrimonia pilosa; Curcuma phaeocaulis; Melia azedarach; Thymus vulgaris; Ocimum basilicum; Zingiber officinale; Curcuma longa; Murraya paniculata; Platycladus orientalis; Foeniculum vulgare; Piper nigrum; Amomum compactum; Litsea cubeba; Citrus limon; Petroselinum crispum; Citrus aurantium; Elettaria cardamomum,NPO17691,"1-Methyl-4-(6-Methylhepta-1,5-Dien-2-Yl)Cyclohexene",CHEMBL2001434,403919,C=C(CCC=C(C)C)C1CC=C(C)CC1,204.187800768,0,0,5.0354000000000045,True
46,NPC34376,Pongamia pinnata,NPO30165,JRTNAZKQGYGUQE-SFHVURJKSA-N,CHEMBL3581072,n.a.,CC1(C)C=Cc2c(ccc3c2O[C@H](c2ccc4c(c2)OCO4)CC3=O)O1,350.1154236759999,5,0,4.306000000000003,True
47,NPC213401,Vitex rotundifolia,NPO15454,Vitrofolal D,CHEMBL478086,10384147,COc1cc2c(cc1OC)-c1c(c(C=O)cc3ccc(O)c(OC)c13)C2=O,364.09468823199995,6,1,3.595100000000002,True
48,NPC234888,Gomphrena globosa; Crinum asiaticum,NPO13080,1-Iodohexadecane,CHEMBL1233571,11007,CCCCCCCCCCCCCCCCI,352.162699056,0,0,6.9027000000000065,True
49,NPC278476,Broussonetia papyrifera,NPO5495,"(2R,3R)-Lespedezaflavanone C",CHEMBL463256,14542252,CC(C)=CCc1cc([C@H]2Oc3c(CC=C(C)C)c(O)cc(O)c3C(=O)[C@@H]2O)ccc1O,424.1885886159999,6,4,4.498100000000007,True
50,NPC162685,Lygodium japonicum,NPO24093,"2-[(3S,3As,5Ar,5Br,7As,11As,11Br,13Ar,13Bs)-5A,5B,8,8,11A,13B-Hexamethyl-1,2,3,3A,4,5,6,7,7A,9,10,11,11B,12,13,13A-Hexadecahydrocyclopenta[A]Chrysen-3-Yl]Propan-2-Ol",CHEMBL2448591,164874,CC(C)(O)[C@H]1CC[C@]2(C)[C@H]3CC[C@@H]4[C@@]5(C)CCCC(C)(C)[C@@H]5CC[C@@]4(C)[C@]3(C)CC[C@@H]12,428.401816284,1,1,8.248800000000008,True
51,NPC328267,Hypericum monogynum; Hypericum uralum,NPO5743,Fluoxetine,CHEMBL41,3386,CNCCC(Oc1ccc(C(F)(F)F)cc1)c1ccccc1,309.134048856,2,1,4.435000000000003,True
52,NPC144854,Vitex negundo; Aralidium pinnatifidum; Eurycoma longifolia,NPO6626,CUGAWYNVYRXBFW-ANTZAFMPSA-N,CHEMBL1081417,46878901,CC1=CC(=O)[C@@H](O)[C@]2(C)[C@H]3[C@@H](O)[C@@H]4OC(=O)[C@@H]([C@H]4C)[C@]3(C)[C@H](O)C[C@@H]12,350.172938552,6,3,0.4380999999999993,True
53,NPC317305,Zingiber officinale,NPO20553,5-Hydroxy-1-(4-Hydroxyphenyl)Decan-3-One,CHEMBL1950586,9795270,CCCCCC(O)CC(=O)CCc1ccc(O)cc1,264.172544628,3,2,3.225200000000002,True
54,NPC186588,Nardia succulenta; Gracilariopsis lemaneiformis,NPO7474,Dendocarbin N,CHEMBL459606,21592441,CC1(C)CCC[C@]2(C)[C@H]3[C@H](O)OC[C@]34O[C@@H]4[C@H](O)[C@@H]12,268.167459248,4,2,1.2958999999999998,True
55,NPC13755,Sphaeranthus indicus; Etlingera littoralis; Chelidonium majus; Abelmoschus esculentus; Ocimum basilicum; Asplenium adiantum-nigrum; Limnophila rugosa; Pityrogramma chrysophylla; Cinnamomum aromaticum; Anacardium occidentale; Averrhoa carambola,NPO10116,Para-Methoxy Cinnamaldehyde,CHEMBL452173,641294,COc1ccc(/C=C/C=O)cc1,162.06807956,2,0,1.9073,True
56,NPC41461,Diospyros eriantha; Salvia hispanica; Atalantia racemosa; Pteris semipinnata,NPO24390.1,"2',4-Dihydroxy-4',6'-Dimethoxy-3'-Prenylchalcone",CHEMBL466335,10959555,COc1cc(OC)c(C(=O)/C=C/c2ccc(O)cc2)c(O)c1CC=C(C)C,368.162373868,5,2,4.519800000000004,True
57,NPC236089,Ilex crenata; Aglaia edulis,NPO23941,Pannellin,CHEMBL464992,10791693,COC(=O)[C@H]1[C@@H](O)[C@@]2(O)c3c(cc4c(c3OC)OCO4)O[C@@]2(c2ccc(OC)cc2)[C@@H]1c1ccccc1,506.15768241199993,9,2,2.855500000000001,True
58,NPC276944,Nandina domestica,NPO28410,PQECCKIOFCWGRJ-UHFFFAOYSA-N,CHEMBL2314746,261619,COc1ccc2c(c1O)CN1CCc3cc4c(cc3C1C2)OCO4,325.131408088,5,1,2.785000000000001,True
59,NPC220858,Annona squamosa,NPO2884,Isocoreximine,CHEMBL1164088,10616178,COc1cc2c(cc1O)C[C@H]1c3cc(OC)c(O)cc3CCN1C2,327.14705815200006,5,2,2.770500000000001,True
60,NPC47946,Piper cubeba; Pteris dispar; Houttuynia cordata; Vitex negundo; Citrus medica; Daucus carota; Vitis vinifera; Agrimonia pilosa; Curcuma phaeocaulis; Artemisia scoparia; Thymus vulgaris; Zingiber officinale; Curcuma longa; Liparis nervosa; Citrus reticulata; Citrus maxima; Litsea cubeba; Citrus limon; Allium victorialis; Zanthoxylum bungeanum; Citrus aurantium; Elettaria cardamomum,NPO6571,Geranyl Acetate,CHEMBL1369384,1549026,CC(=O)OC/C=C(\C)CCC=C(C)C,196.14632988,2,0,3.242200000000002,True
61,NPC156818,Camellia sinensis,NPO8258,(-)-Epiafzelechin Gallate,CHEMBL159706,467295,O=C(O[C@@H]1Cc2c(O)cc(O)cc2O[C@@H]1c1ccc(O)cc1)c1cc(O)c(O)c(O)c1,426.09508215599993,9,6,2.822,True
62,NPC157193,Dipterocarpus dyeri; Ipomoea cairica; Fragaria vesca; Lasianthus fordii; Gardenia tubifera; Perilla frutescens,NPO1795,Methyl Alpha-D-Galactoside,CHEMBL467773,76935,CO[C@H]1O[C@H](CO)[C@H](O)[C@H](O)[C@H]1O,194.079038168,6,4,-2.5673,True
63,NPC55732,Xanthium strumarium,NPO2494,"7-(Hydroxymethyl)-8,8-Dimethyl-4H-1,4-Benzothiazine-3,5-Dione",CHEMBL1350218,15945057,CC1(C)C(CO)=CC(=O)C2=C1SCC(=O)N2,239.061614276,4,2,0.5885999999999999,True
64,NPC321505,Cocculus laurifolius,NPO27912,Methyl Coclaurine,CHEMBL453292,2752274,COc1cc2c(cc1O)C(Cc1ccc(O)cc1)N(C)CC2,299.152143532,4,2,2.8781000000000008,True
65,NPC224624,Piper longum,NPO26237,"(3R,4S)-3,4-Dihydroxypiperidin-2-One",CHEMBL2347642,71720812,O=C1NCC[C@H](O)[C@H]1O,131.058243148,3,3,-1.7719000000000005,True
66,NPC470114,Azadirachta indica,NPO4406,MROCGOLKYILTRS-AYYQWHTISA-N,CHEMBL1774405,54580355,CCC(C)C(=O)O[C@@H]1[C@@H]2OC[C@]3(C)[C@H](OC(C)=O)C[C@H](O)[C@](C)([C@H]4CC[C@@](C)([C@@H](C)[C@H]5COC(=O)C5)C[C@]14C)[C@@H]23,562.3505685599999,8,1,4.693700000000003,True
67,NPC469955,Calophyllum inophyllum,NPO2804,DDHWWLULUFLVOI-WBPRFABPSA-N,CHEMBL134227,455258,CC(=O)O[C@@H]1c2c(c3c(c4c(-c5ccccc5)cc(=O)oc24)OC(C)(C)C=C3)O[C@H](C)[C@H]1C,446.17293855199995,6,0,5.665400000000007,True
68,NPC265513,Eria linearifolia; Castanea mollissima; Asparagus racemosus; Goniothalamus macrophyllus; Vigna luteola; Elaeocarpus serratus; Uncaria longiflora; Tubocapsicum anomalum; Cuscuta australis; Eucalyptus viminalis; Myrrhis odorata; Elettaria cardamomum,NPO28266,7-Oxodehydroabietinol,CHEMBL598770,15715176,CC(C)c1ccc2c(c1)C(=O)C[C@H]1[C@](C)(CO)CCC[C@]21C,300.208930136,2,1,4.452800000000004,True
69,NPC198992,Sarcandra glabra; Desmodium uncinatum; Pandanus dubius,NPO9210,Sarcaglaboside C,CHEMBL520747,11596696,C=C[C@]1(C)C[C@@H]2OC(=O)C(C)=C2C[C@H]1C(=C)CO[C@@H]1O[C@H](CO)[C@@H](O)[C@H](O)[C@H]1O,410.1940679199999,8,4,0.2032999999999997,True
70,NPC171409,Artabotrys maingayi; Chelidonium majus; Senna spectabilis; Diospyros ebenum; Coptis teeta; Zanthoxylum nitidum,NPO24868,Coptisine,CHEMBL362071,72322,c1c2c(cc3c1OCO3)-c1cc3ccc4c(c3c[n+]1CC2)OCO4,320.0917343480899,4,0,2.8078000000000003,True
71,NPC23837,Lagascea mollis; Foeniculum vulgare,NPO9130,"1,4-Dimethoxybenzene",CHEMBL1668604,9016,COc1ccc(OC)cc1,138.06807956,2,0,1.7038,True
72,NPC188738,Vitex negundo; Aralidium pinnatifidum; Eurycoma longifolia,NPO8220,Eurycomalide B,CHEMBL1079672,46878940,CC1=C[C@H](O)[C@@H](O)[C@@]2(C)C1=CC(=O)[C@]1(C)[C@@H]2[C@@H](O)[C@@H]2OC(=O)[C@H]1[C@H]2C,348.15728848799995,6,3,0.3581999999999999,True
73,NPC181653,Zephyranthes candida; Dalbergia candenatensis; Elaeocarpus sphaericus; Cinchona officinalis; Crinum amabile,NPO22317,Lycorine,CHEMBL400092,72378,O[C@H]1[C@H]2c3cc4c(cc3CN3CCC(=C[C@@H]1O)[C@H]23)OCO4,287.115758024,5,2,0.7485999999999997,True
74,NPC248068,Glycosmis macrophylla; Stephania zippeliana; Breonia chinensis; Sonneratia caseolaris,NPO17362,6-Alpha-Hydroxydemethyl-Cryptojaponol,CHEMBL2252749,76326386,CC(C)c1cc2c(c(O)c1O)[C@@]1(C)CCCC(C)(C)[C@@H]1[C@@H](O)C2=O,332.19875937599994,4,3,3.862400000000004,True
75,NPC194653,Striga lutea; Crotalaria medicaginea; Dalbergia parviflora; Dalbergia sissoo; Cytisus scoparius; Pongamia pinnata; Kopsia teoi; Cicer arietinum,NPO24846,Pratensein,CHEMBL252904,5281803,COc1ccc(-c2coc3cc(O)cc(O)c3c2=O)cc1O,300.063388104,6,3,2.5854000000000013,True
76,NPC159232,Harrisonia perforata,NPO21362,Harrisonin,CHEMBL2398516,5281308,COC(=O)/C=C\[C@]1(C)[C@H]2CC[C@@]3(C)[C@H](c4ccoc4)OC(=O)[C@H]4O[C@]43[C@]2(C)[C@]2(O)OC(C)(C)C(=O)[C@@]21O,516.1995472239998,10,2,1.9843999999999995,True
77,NPC118086,Melia azedarach,NPO18932,1-O-Deacetylohchinolide A,CHEMBL452119,11296398,CC(=O)O[C@@H]1C[C@H](O)[C@@]2(C)[C@H]3[C@@H](OC[C@]13C)[C@@H](OC(=O)c1ccccc1)[C@@]1(C)C3=C(C)[C@H](c4ccoc4)C[C@@H]3OC(=O)C[C@@H]12,604.26723286,9,1,4.984500000000005,True
78,NPC29765,Callicarpa japonica; Avrainvillea longicaulis; Bryum argenteum; Entada phaseoloides; Ardisia crispa; Jackiella javanica; Pangium edule; Prunus turfosa; Magnolia montana; Sterculia foetida; Gmelina asiatica; Vigna mungo; Phyllanthus emblica,NPO18422,Entagenic Acid,CHEMBL2235397,21594206,CC1(C)CC[C@]2(C(=O)O)[C@H](O)[C@H](O)[C@]3(C)C(=CC[C@@H]4[C@@]5(C)CC[C@H](O)C(C)(C)[C@@H]5CC[C@]43C)[C@@H]2C1,488.35017463599996,4,4,5.175200000000006,True
79,NPC34414,Plumbago zeylanica; Diospyros maritima; Diospyros kaki,NPO16657,Chitranone,CHEMBL470658,633072,CC1=CC(=O)c2c(ccc(C3=C(C)C(=O)c4cccc(O)c4C3=O)c2O)C1=O,374.0790381679999,6,2,3.275800000000002,True
80,NPC53906,Gymnadenia conopsea; Syzygium aromaticum,NPO11479,3'-O-Methylbatatasin Iii,CHEMBL477124,442711,COc1cccc(CCc2cc(O)cc(OC)c2)c1,258.12559443600003,3,1,3.194600000000002,True
81,NPC296114,Hypericum papuanum,NPO21587,Papuaforin D,CHEMBL518316,11038341,CCC(C)C(=O)[C@]12C(=O)C3=C(OC(C)(C)C=C3)[C@](C)(C[C@@H](CC=C(C)C)[C@]1(C)CCC=C(C)C)C2=O,494.33960995199993,4,0,7.494100000000009,True
82,NPC142405,Eriosema chinense,NPO4010,Lupinifolin,CHEMBL559980,10250777,CC(C)=CCc1c2c(c(O)c3c1O[C@H](c1ccc(O)cc1)CC3=O)C=CC(C)(C)O2,406.1780239319999,5,2,5.497200000000006,True
83,NPC25111,Ulva lactuca; Acrostichum aureum,NPO14357,4''-Deoxyterphenyllin,CHEMBL1951870,57345621,COc1cc(-c2ccccc2)c(OC)c(O)c1-c1ccc(O)cc1,322.12050905599995,4,2,4.449000000000004,True
84,NPC157478,Aglaia argentea; Erythrina senegalensis; Alstonia spatulata; Sphenoclea zeylanica; Antirrhinum majus,NPO16646,Gentiside E,CHEMBL1254270,14177663,CCCCCCCCCCCCCCCCCCOC(=O)c1cccc(O)c1O,406.30830982399993,4,2,7.516100000000009,True
85,NPC280638,Lupinus albus; Salvia chinensis,NPO17683,"5-[5-(4-Hydroxy-Benzyl)-4-(4-Methoxy-Benzyl)-1-Methyl-1H-Imidazol-2-Ylamino]-3-Methyl-Imidazole-2,4-Dione",CHEMBL339727,188306,COc1ccc(Cc2nc(NC3=NC(=O)N(C)C3=O)n(C)c2Cc2ccc(O)cc2)cc1,433.175004216,7,2,2.718300000000001,True
86,NPC131174,Taraxacum officinale; Taraxacum mongolicum,NPO26785,Taraxacin,CHEMBL449951,5241825,CC1=CC(=O)C2=C(C)CC3OC(=O)C(C)=C3C=C12,242.094294308,3,0,2.4039,True
87,NPC7569,Aquilaria sinensis; Aquilaria malaccensis; Senecio scandens,NPO6956,6-Hydroxy-2-Phenethyl-Chromen-4-One,CHEMBL358544,5318315,O=c1cc(CCc2ccccc2)oc2ccc(O)cc12,266.09429430800003,3,1,3.283800000000002,True
88,NPC290598,Operculina turpethum; Uvaria grandiflora; Hopea jucunda; Macaranga tanarius; Firmiana simplex; Rhodomyrtus tomentosa; Syzygium jambos; Talipariti tiliaceum; Lobelia chinensis; Achyranthes bidentata; Mascarenhasia arborescens; Senna sophera; Kummerowia striata; Camellia sasanqua; Drypetes littoralis; Sida cordifolia; Selaginella pallescens; Ageratina riparia; Lycium chinense; Acacia pruinosa; Melia azedarach; Alstonia boonei; Taxillus chinensis; Syzygium samarangense; Iodes cirrhosa; Manihot esculenta; Durio zibethinus; Ficus carica; Bischofia javanica; Lactuca indica; Morinda coreia; Codium dwarkense; Diplazium esculentum; Conium maculatum; Cucurbita moschata; Ocimum gratissimum; Glochidion philippicum; Ceriops decandra; Archidendron ellipticum; Solanum spirale; Tabernaemontana divaricata; Taraxacum officinale; Micromelum minutum; Garcinia lateriflora; Melaleuca decora; Abrus precatorius; Eragrostis viscosa; Nauclea officinalis; Mangifera indica; Rhinacanthus nasutus; Vitex pinnata; Elaeocarpus fuscoides; Hortonia floribunda; Allium neapolitanum; Adiantum caudatum; Cycas revoluta; Solanum sisymbriifolium; Croton caudatus; Typha domingensis; Oxera splendida; Malus sylvestris; Salacia chinensis; Ixora chinensis; Cratoxylum maingayi; Capsicum chinense; Neolamarckia cadamba; Merremia umbellata,NPO18873.1,Beta-Amyrin,CHEMBL455098,73145,CC1(C)CC[C@]2(C)CC[C@]3(C)C(=CC[C@@H]4[C@@]5(C)CC[C@H](O)C(C)(C)[C@@H]5CC[C@]43C)[C@@H]2C1,426.38616622,1,1,8.168900000000008,True
89,NPC42776,Crotalaria laburnifolia,NPO21139,SALXTEMFWBBTBS-YPDCMUIKSA-N,CHEMBL3093769,72947454,C=C1[C@@H]2C=C[C@@H]3[C@](C2)(C(=O)O[C@H]2CCC(C)(C)[C@H]4[C@H](O)OC[C@@]243)[C@@H]1O,346.178023932,5,2,1.7923999999999998,True
90,NPC288759,Citrus reticulata; Murraya paniculata; Glycosmis cochinchinensis,NPO2715,Des-N-Methylnoracronycine,CHEMBL454569,5479541,CC1(C)C=Cc2c(cc(O)c3c(=O)c4ccccc4[nH]c23)O1,293.10519334,3,2,3.571100000000002,True
91,NPC18449,Orophea enneandra; Magnolia denudata; Magnolia sprengeri; Acorus calamus,NPO15064,Eudesmine,CHEMBL523743,325601,COc1ccc([C@@H]2OC[C@@H]3[C@H]2CO[C@H]3c2ccc(OC)c(OC)c2)cc1OC,386.17293855199995,6,0,3.7962000000000033,True
92,NPC174049,Pericampylus glaucus,NPO1525,Imerubrine,CHEMBL155844,n.a.,COc1c(OC)c2c3c(nccc3c1OC)-c1cc(O)ccc1-2,309.10010796,5,1,3.6136000000000017,True
93,NPC10316,Chromolaena odorata; Bidens pilosa; Drosera indica; Psilotum nudum; Uncaria sterrophylla; Boenninghausenia albiflora; Cibotium barometz; Aglaia odorata,NPO25190,"Ethyl (9Z,12Z,15Z)-Octadeca-9,12,15-Trienoate",CHEMBL2005772,5367460,CC/C=C\C/C=C\C/C=C\CCCCCCCC(=O)OCC,306.255880328,2,0,6.1390000000000065,True
94,NPC11089,Dipterocarpus dyeri; Ipomoea cairica; Fragaria vesca; Lasianthus fordii; Gardenia tubifera; Perilla frutescens,NPO12509,Perilloxin,CHEMBL522898,10468570,COc1cc2c(c3c1C=COC=C3)O[C@@H](C(C)(C)O)C2,274.120509056,4,1,2.741200000000001,True
95,NPC2771,Cullen corylifolium,NPO28809,4'-Methoxyflavone,CHEMBL16312,77793,COc1ccc(-c2cc(=O)c3ccccc3o2)cc1,252.078644244,3,0,3.468600000000002,True
96,NPC121812,Muntingia calabura,NPO8046,"(2S)-8-Hydroxy-7,3',4',5'-Tetramethoxyflavan",CHEMBL459242,44567048,COc1ccc2c(c1O)O[C@H](c1cc(OC)c(OC)c(OC)c1)CC2,346.141638424,6,1,3.4929000000000023,True
97,NPC472113,Alstonia angustifolia,NPO28762,QSZUAXIGOGUBNW-BIGGFVEDSA-N,CHEMBL3338236,n.a.,CC1=C(C=O)[C@@H]2C[C@H]3c4[nH]c5ccccc5c4C[C@@H]([C@@H]2CO1)N3C,322.168127944,3,1,3.2047000000000017,True
98,NPC2982,Zingiber officinale,NPO20553,"1-(4-Tert-Butyl-2,6-Dimethyl-3,5-Dinitrophenyl)Ethanone",CHEMBL1877463,6669,CC(=O)c1c(C)c([N+](=O)[O-])c(C(C)(C)C)c([N+](=O)[O-])c1C,294.121571676,5,0,3.6199400000000033,True
99,NPC237649,Indigofera suffruticosa,NPO23820,3-(3-Oxo-1H-Indol-2-Ylidene)-1H-Indol-2-One,CHEMBL3185783,5380743,O=C1Nc2ccccc2C1=C1Nc2ccccc2C1=O,262.07422756,3,2,2.658200000000001,True
100,NPC260491,Ipomoea digitata; Trifolium hybridum; Baeckea frutescens; Trachelospermum jasminoides; Chenopodium quinoa; Goniothalamus malayanus; Microglossa pyrifolia; Harpullia cupanioides; Rhododendron mucronatum; Youngia japonica; Balanophora polyandra; Trachelospermum asiaticum; Citrus medica; Dumortiera hirsuta; Vitis vinifera; Tadehagi triquetrum; Thymus vulgaris; Dioscorea polystachya; Smilax china; Persicaria orientalis; Morus alba; Eragrostis viscosa; Nauclea officinalis; Mangifera indica; Prunus amygdalus; Knema globularia; Chenopodiastrum murale; Persicaria perfoliata; Premna odorata; Rauvolfia vomitoria; Gnetum latifolium,NPO16731,"(2R,3S)-2-(3,4-Dihydroxyphenyl)-3,5,7-Trihydroxy-2,3-Dihydrochromen-4-One",CHEMBL221328,712318,O=C1c2c(O)cc(O)cc2O[C@H](c2ccc(O)c(O)c2)[C@@H]1O,304.058302724,7,5,1.1862999999999995,True
101,NPC303519,Stephania japonica,NPO22886,Steganacin,CHEMBL357525,44367762,COc1cc2c(c(OC)c1OC)-c1cc3c(cc1[C@@H](OC(C)=O)C1COC(=O)[C@H]1C2)OCO3,456.1420323479999,9,0,3.0576000000000016,True
102,NPC254700,Ziziphus mauritiana; Ziziphus jujuba,NPO5986,Mauritine A,CHEMBL1927951,11353668,CC(C)[C@H](NC(=O)[C@H](C)N(C)C)C(=O)N1CC[C@@H]2Oc3ccc(cc3)/C=C\NC(=O)[C@H](Cc3ccccc3)NC(=O)[C@H]21,575.310769412,6,3,1.9538000000000026,True
103,NPC184302,Crinum latifolium; Bauhinia purpurea,NPO5635,Bauhinol E,CHEMBL390766,16680048,COc1cc(CCc2ccccc2O)cc(O)c1C,258.12559443600003,3,2,3.200020000000002,True
104,NPC285078,Capsicum annuum,NPO16501,Octadecanoic Acid 4-Hydroxy-3-Methoxy-Benzylamide,CHEMBL78533,3024455,CCCCCCCCCCCCCCCCCC(=O)NCc1ccc(O)c(OC)c1,419.33994429999996,3,2,7.278500000000009,True
105,NPC92659,Prunus persica,NPO28877,Skullcapflavone Ii,CHEMBL465561,124211,COc1cccc(O)c1-c1cc(=O)c2c(O)c(OC)c(OC)c(OC)c2o1,374.10016753599996,8,2,2.9056000000000006,True
106,NPC6095,Salvia hispanica; Carthamus tinctorius; Arachis hypogaea; Raphanus sativus; Glycine max,NPO7635,"(11Z,14Z)-Icosa-11,14-Dienoic Acid",CHEMBL464983,6439848,CCCCC/C=C\C/C=C\CCCCCCCCCC(=O)O,308.271530392,1,1,6.664700000000006,True
107,NPC190461,Zingiber officinale,NPO12721,RZUHGAKUNBFQJS-UHFFFAOYSA-N,CHEMBL1412163,398788,COc1cc2cc3c4c(cc(OC)c(OC)c4c2cc1OC)CCN3C,353.16270821600006,5,0,4.019700000000004,True
108,NPC25666,Buxus wallichiana,NPO21629,Monascin,CHEMBL1215463,12118082,C/C=C/C1=CC2=C(CO1)C(=O)[C@]1(C)OC(=O)[C@H](C(=O)CCCCC)[C@H]1C2,358.17802393200003,5,0,3.4433000000000025,True
109,NPC100099,Soymida febrifuga; Crinum asiaticum,NPO11000,(S)-4-(7-Methoxychroman-2-Yl)Phenol,CHEMBL1080979,185609,COc1ccc2c(c1)O[C@H](c1ccc(O)cc1)CC2,256.10994437200003,3,1,3.467100000000002,True
110,NPC44899,Nerium oleander; Plantago lanceolata; Cytisus scoparius; Toxicodendron succedaneum; Isodon japonicus,NPO6776,"3Beta-O-(Beta-D-Sarmentosyl)-16Beta-Acetoxy-14-Hydroxy-5Beta,14Beta-Card-20-(22)-Enolide",CHEMBL413068,44425149,CO[C@H]1C[C@H](O[C@H]2CC[C@@]3(C)[C@H](CC[C@@H]4[C@@H]3CC[C@]3(C)[C@@H](C5=CC(=O)OC5)[C@@H](OC(C)=O)C[C@]43O)C2)O[C@H](C)[C@@H]1O,576.3298331159998,9,2,3.681000000000003,True
111,NPC202260,Harrisonia perforata,NPO21362,(+)-Vouacapenic Acid,CHEMBL2398518,73350581,C[C@H]1c2ccoc2C[C@H]2[C@H]1CC[C@@H]1[C@]2(C)CCC[C@]1(C)C(=O)O,316.20384475599997,2,1,4.862700000000004,True
112,NPC186807,Lantana camara,NPO1859,Linaroside,CHEMBL496233,11972339,COc1ccc(-c2cc(=O)c3c(O)c(OC)c(O[C@@H]4O[C@H](CO)[C@@H](O)[C@H](O)[C@H]4O)cc3o2)cc1,476.1318615879999,11,5,0.36149999999999943,True
113,NPC150531,Rivina humilis; Phalaris canariensis; Payena lucida; Pteridium aquilinum; Samadera indica; Artemisia lactiflora,NPO2551,Ecdysone,CHEMBL549300,19212,C[C@H]([C@H](O)CCC(C)(C)O)[C@H]1CC[C@@]2(O)C3=CC(=O)[C@@H]4C[C@@H](O)[C@@H](O)C[C@]4(C)[C@H]3CC[C@]12C,464.31378912799994,6,5,2.7391000000000005,True
114,NPC79241,Zingiber officinale; Curcuma longa,NPO29016,Xanthorrizol,CHEMBL460033,93135,CC(C)=CCC[C@@H](C)c1ccc(C)c(O)c1,218.167065324,1,1,4.550520000000005,True
115,NPC43304,Rumohra adiantiformis,NPO6329,Gnidilatidin,CHEMBL504425,5358691,C=C(C)[C@@]12O[C@@]3(/C=C/C=C/CCCCC)O[C@@H]1[C@@H]1[C@@H]4O[C@]4(CO)[C@@H](O)[C@]4(O)C(=O)C(C)=C[C@H]4[C@@]1(O3)[C@H](C)[C@H]2OC(=O)c1ccccc1,648.2934476079998,10,3,3.7044000000000024,True
116,NPC295832,Taraxacum officinale; Taraxacum mongolicum,NPO23327,Levocarnitine,CHEMBL1149,10917,C[N+](C)(C)C[C@H](O)CC(=O)[O-],161.10519334,3,1,-1.8064999999999984,True
117,NPC195202,Pandanus tectorius; Aegialitis annulata; Kopsia lapidilecta; Laurencia mariannensis; Clausena indica; Litsea monopetala; Pinus halepensis; Bonellia macrocarpa; Sarcococca saligna; Garcinia gaudichaudii; Pogostemon cablin; Hippocrepis emerus,NPO22717,"7,3',4'-Tri-O-Methylluteolin",CHEMBL468876,5272653,COc1cc(O)c2c(=O)cc(-c3ccc(OC)c(OC)c3)oc2c1,328.094688232,6,1,3.1914000000000016,True
118,NPC89442,Eragrostis viscosa; Nauclea officinalis; Mangifera indica,NPO4055,Foliamangiferoside A,CHEMBL3233507,46206548,COc1cc(O)c(C(=O)c2ccc(O)cc2)c(O)c1[C@@H]1O[C@H](CO)[C@@H](O)[C@H](O)[C@H]1O,422.1212969039999,10,7,-0.4421000000000002,True
119,NPC471414,Vitex rotundifolia,NPO15454,"(7S,8R)-9'-Methoxydihydroconiferyl Alcohol",CHEMBL2436612,72375239,COc1cc([C@H]2Oc3c(OC)cc(/C=C/C(O)OC)cc3[C@@H]2CO)ccc1O,388.152203108,7,3,2.597000000000001,True
120,NPC429928,Broussonetia papyrifera,NPO5495,"5,7-Dihydrocoumarin",CHEMBL465435,3964390,O=c1ccc2c(o1)CCCC2,150.06807956,2,0,1.5186000000000002,True
121,NPC41121,Ficus nervosa; Drymaria cordata,NPO19583,Kaempferol-3-O-Rhamnoside,CHEMBL515798,5318763,C[C@H]1O[C@H](Oc2c(-c3ccc(O)cc3)oc3cc(O)cc(O)c3c2=O)[C@@H](O)[C@@H](O)[C@@H]1O,432.1056468399999,10,6,0.7830999999999995,True
122,NPC77000,Hydrolithon reinboldii; Vicia sativa,NPO13164,Cryptotanshinone,CHEMBL187460,160254,C[C@H]1COC2=C1C(=O)C(=O)c1c2ccc2c1CCCC2(C)C,296.14124449999997,3,0,3.4433000000000025,True
123,NPC237435,Prunus persica; Rheum officinale; Rheum palmatum; Oroxylum indicum; Chrysanthemum morifolium; Portulaca oleracea,NPO7632,Baicalin,CHEMBL485818,64982,O=C(O)[C@H]1O[C@@H](Oc2cc3oc(-c4ccccc4)cc(=O)c3c(O)c2O)[C@H](O)[C@@H](O)[C@@H]1O,446.0849113959999,10,6,0.14219999999999955,True
124,NPC305912,Gossypium herbaceum,NPO27472,Bis(2-Ethylhexyl) Phthalate,CHEMBL1242017,8343,CCCCC(CC)COC(=O)c1ccccc1C(=O)OCC(CC)CCCC,390.277009696,4,0,6.433000000000007,True
125,NPC14600,Lycium chinense,NPO17823,Trans-N-Feruloyloctopamine,CHEMBL2036084,70681748,COc1ccc(/C=C/C(=O)NCC(O)c2ccc(O)cc2)cc1O,329.126322708,5,4,1.9693999999999998,True
126,NPC169575,Chamaemelum nobile; Citrus reticulata; Citrus japonica; Citrus aurantium,NPO19127,Nobilin,CHEMBL2380798,11953937,C=C1C(=O)O[C@@H]2/C=C(/C)[C@@H](O)C/C=C(\C)C[C@H](OC(=O)/C(C)=C\C)[C@@H]12,346.178023932,5,1,3.009500000000002,True
127,NPC44245,Pandanus tectorius; Aegialitis annulata; Litsea monopetala; Bonellia macrocarpa; Sarcococca saligna; Garcinia gaudichaudii,NPO28066,Peperomin C,CHEMBL224381,10917283,COc1cc(C(c2cc(OC)c(OC)c(OC)c2)[C@@H]2COC(=O)[C@H]2C)cc(OC)c1OC,446.1940679199999,8,0,3.6792000000000025,True
128,NPC201889,Senecio scandens,NPO7123,Retrorsine,CHEMBL520570,5281756,C/C=C1\C[C@@H](C)[C@](O)(CO)C(=O)OCC2=CCN3CC[C@@H](OC1=O)[C@@H]23,351.16818751999995,7,2,0.1652,True
129,NPC472851,Callicarpa macrophylla,NPO13153,NVIRVAAOVXZOTN-LUGRNRNJSA-N,CHEMBL3590334,n.a.,CC(C)[C@@]12C=C3[C@@H](O)C[C@@H]4[C@@](C)(C(=O)O)CCC[C@@]4(C)[C@]3(CC1)OO2,350.2093240599999,4,2,3.4639000000000024,True
130,NPC232880,Centella asiatica; Capsicum annuum,NPO33548,1-O-Caffeoyl-Beta-D-Glucopyranoside,CHEMBL482242,5281761,O=C(/C=C/c1ccc(O)c(O)c1)O[C@@H]1O[C@H](CO)[C@@H](O)[C@H](O)[C@H]1O,342.09508215599993,9,6,-1.5459000000000005,True
131,NPC246519,Zanthoxylum bungeanum; Litsea glutinosa,NPO2999,"(2E,4E,8Z,11Z)-2'-Hydroxy-N-Isobutyl-2,4,8,11-Tetradecatetraenamide",CHEMBL469922,14135319,CC/C=C\C/C=C\CC/C=C/C=C/C(=O)NCC(C)(C)O,291.219829168,2,2,3.6786000000000025,True
132,NPC471007,Chisocheton ceramicus,NPO5587,LZBMDSMLVLGIEW-JRQJDMHFSA-N,CHEMBL2335039,71720054,C[C@@]12CCC(O)[C@@]3(C)[C@H]1[C@@H](OC2)[C@@H](O)[C@@]1(C)C2=CC[C@@H](c4ccoc4)[C@]2(C)CC[C@@H]13,412.26135963199994,4,2,4.672700000000004,True
133,NPC312003,Curcuma phaeocaulis; Curcuma zedoaria,NPO2618,1-Acetyloxyethyl Acetate,CHEMBL3187663,222536,CC(=O)OC(C)OC(C)=O,146.0579088,4,0,0.4585999999999999,True
134,NPC107919,Garcinia schomburgkiana,NPO40656,Aphidicolin,CHEMBL29711,457964,C[C@@]1(CO)[C@H](O)CC[C@@]2(C)[C@H]1CC[C@H]1C[C@@H]3C[C@@]12CC[C@]3(O)CO,338.24570956799994,4,4,2.0858000000000003,True
135,NPC34245,Clerodendrum indicum; Kaempferia galanga; Plumbago auriculata,NPO18117,3'-Hydroxymelanettin,CHEMBL2397756,5318262,COc1cc2oc(=O)cc(-c3ccc(O)c(O)c3)c2cc1O,300.063388104,6,3,2.5854000000000013,True
136,NPC313163,Ipomoea muricata; Salvia hispanica; Styrax agrestis; Justicia adhatoda; Dalbergia sissoo; Ocimum basilicum; Magnolia coco; Erechtites hieraciifolius; Rosulabryum capillare; Macadamia ternifolia; Murraya paniculata; Desmodium styracifolium; Pistia stratiotes; Syzygium nervosum; Pterocarpus indicus; Glycine max; Hibiscus schizopetalus; Flemingia macrophylla; Kaempferia rotunda,NPO26606,Genistin,CHEMBL486625,5281377,O=c1c(-c2ccc(O)cc2)coc2cc(O[C@@H]3O[C@H](CO)[C@@H](O)[C@H](O)[C@H]3O)cc(O)c12,432.1056468399999,10,6,0.04989999999999978,True
137,NPC182257,Crinum asiaticum,NPO6123,Narciclasine,CHEMBL98745,72376,O=C1N[C@@H]2C(=C[C@H](O)[C@@H](O)[C@H]2O)c2cc3c(c(O)c21)OCO3,307.069201756,7,5,-1.2874000000000008,True
138,NPC254482,Vitex rotundifolia; Brassica juncea; Helianthus annuus; Glycine max; Sinapis alba; Triticum aestivum; Citrullus lanatus,NPO7635,(R)-Cysteine,CHEMBL863,5862;6419722,N[C@@H](CS)C(=O)O,121.019749464,3,3,-0.6719000000000002,True
139,NPC254698,Capparis spinosa,NPO4554,Isatin,CHEMBL326294,7054,O=C1Nc2ccccc2C1=O,147.0320284,2,1,0.8213999999999999,True
140,NPC120426,Asplenium normale; Trifolium alexandrinum; Dodonaea viscosa; Solanum jamaicense; Ceratophyllum submersum; Brucea javanica; Byrsonima crassifolia; Clitoria ternatea; Diospyros siamang; Xanthium strumarium; Hymenocallis littoralis; Hibiscus syriacus; Duranta erecta; Castanea crenata,NPO16092,Cleomiscosin A,CHEMBL510091,442510,COc1cc([C@H]2Oc3c(OC)cc4ccc(=O)oc4c3O[C@@H]2CO)ccc1O,386.10016753599996,8,2,2.3892,True
141,NPC279241,Daphnandra apatela; Helianthus annuus,NPO13162,Kaurenoic Acid Methyl Ester,CHEMBL485999,5742847,C=C1C[C@@]23CC[C@H]4[C@@](C)(CCC[C@@]4(C)C(=O)OC)[C@@H]2CC[C@@H]1C3,316.240230264,2,0,5.128500000000005,True
142,NPC75389,Halimeda macroloba; Buxus sempervirens; Vicia villosa,NPO33241,Bufotalin,CHEMBL463064,12302120,CC(=O)O[C@H]1C[C@]2(O)[C@@H]3CC[C@@H]4C[C@@H](O)CC[C@]4(C)[C@H]3CC[C@]2(C)[C@H]1c1ccc(=O)oc1,444.25118887199994,6,2,3.7835000000000027,True
143,NPC157781,Pteris dispar; Lonicera japonica; Citrus medica; Daucus carota; Agrimonia pilosa; Curcuma phaeocaulis; Zingiber officinale; Chrysanthemum indicum; Curcuma longa; Acorus calamus; Murraya paniculata; Piper nigrum; Citrus aurantium; Cinnamomum aromaticum,NPO18007,Alpha-Bisabolol,CHEMBL1096927,442343,CC(C)=CCC[C@](C)(O)[C@@H]1CC=C(C)CC1,222.198365452,1,1,4.2302000000000035,True
144,NPC206525,Syzygium aromaticum,NPO11893,Cirrhopetalanthrin,CHEMBL369741,442695,COc1cc(O)c(-c2c(O)cc(OC)c3c2ccc2cc(O)ccc23)c2c1-c1ccc(O)cc1CC2,480.15728848799995,6,4,6.265200000000008,True
145,NPC232225,Cucurbita pepo,NPO3938,Dielsiquinone,CHEMBL479282,10445779,COc1c(C)c2c([nH]c1=O)C(=O)c1ccccc1C2=O,269.068807832,4,1,1.46732,True
146,NPC261158,Frullania brasiliensis; Piper retrofractum,NPO43,"N-Isobutyl-(2E,4E,14Z)-Eicosatrienamide",CHEMBL256216,10338645,CCCCC/C=C\CCCCCCCC/C=C/C=C/C(=O)NCC(C)C,361.334464996,1,1,7.128300000000007,True
147,NPC255675,Rumex obtusifolius; Piper retrofractum; Epipactis palustris,NPO8843,QGFJORGLNPWXMK-MRVPVSSYSA-N,CHEMBL3326612,n.a.,COc1cc(C[C@@H](O)CO)ccc1O,198.089208928,4,3,0.2964999999999998,True
148,NPC269684,Aglaia foveolata,NPO8087,NNNRTJSRGAXLIH-MTSNUVQISA-N,CHEMBL1651032,50901039,CC(C)(O)[C@@H]1CC[C@@]2(O)CC[C@]3(C)[C@H](CC[C@@H]4[C@@]5(C)CCC(=O)C(C)(C)[C@H]5CC[C@]43C)[C@H]2O1,460.35526001599993,4,2,5.674000000000007,True
149,NPC31930,Rubia cordifolia,NPO827,Dehydrocorydaline,CHEMBL1917176,34781,COc1cc2c(cc1OC)-c1c(C)c3ccc(OC)c(OC)c3c[n+]1CC2,366.16998466809,4,0,3.693220000000002,True
150,NPC146376,Lantana camara,NPO2781,"2-Hydroxy-5-Methoxy-3-Octadecylcyclohexa-2,5-Diene-1,4-Dione",CHEMBL1975424,127797,CCCCCCCCCCCCCCCCCCC1=C(O)C(=O)C=C(OC)C1=O,406.30830982399993,4,1,7.132200000000008,True
151,NPC134969,Marchantia polymorpha,NPO33513,Thunberginol A,CHEMBL68810,5321948,O=c1oc(-c2ccc(O)c(O)c2)cc2cccc(O)c12,270.05282342000004,5,3,2.576800000000001,True
152,NPC173295,Chromolaena odorata; Kaempferia pulchra; Drosera peltata; Dipterocarpus alatus; Citrus reticulata; Bursaria spinosa; Citrus maxima; Sesbania punicea; Securidaca inappendiculata,NPO25623,2-Methylaminobenzoic Acid Methyl Ester,CHEMBL1409791,6826,CNc1ccccc1C(=O)OC,165.078978592,3,1,1.5149,True
153,NPC11130,Pteris multifida,NPO25743,Cassipourol,CHEMBL482226,11500301,C/C(=C\CO)CCCC(C)CC[C@H]1[C@@H](C)CCCC1(C)C,294.292265836,1,1,5.974000000000006,True
154,NPC241025,Talipariti tiliaceum; Morinda coreia; Conium maculatum; Solanum spirale; Hortonia floribunda,NPO26690,Pyrrolezanthine,CHEMBL3357678,636825,O=Cc1ccc(CO)n1CCc1ccc(O)cc1,245.10519334,4,2,1.7412,True
155,NPC52831,Allium sativum,NPO20338,Pyridoxal,CHEMBL102970,1050,Cc1ncc(CO)c(C=O)c1O,167.058243148,4,2,0.40041999999999983,True
156,NPC77955,Primula veris,NPO40877,"3',4'-Dimethoxyflavone",CHEMBL91153,688674,COc1ccc(-c2cc(=O)c3ccccc3o2)cc1OC,282.089208928,4,0,3.4772000000000025,True
157,NPC257763,Zea mays,NPO15810,4-Acetyl-2-Benzoxazolinone,CHEMBL1075970,9989779,CC(=O)c1cccc2oc(=O)[nH]c12,177.042593084,3,1,1.3236999999999999,True
